molecule_id,smiles,taste
train_0,C=C1CC23CCC4C(C)(C(=O)O)CCCC4(C)C2CCC1(OC1OC(CO)C(O)C(OC2OC(CO)C(O)C(O)C2O)C1OC1OC(CO)C(O)C(O)C1O)C3,6
train_1,Nc1ccccc1NS(=O)(=O)[O-].[Na+],3
train_2,O=C1NS(=O)(=O)c2cc(O)ccc21,6
train_3,OCC1OC(Oc2ccc3ccccc3c2)C(O)C(O)C1O,0
train_4,CCC1(C2=CCCCCC2)C(=O)NC(=O)NC1=O,0
train_5,C[N+](C)(C)CCOC(=O)CCC(=O)OCC[N+](C)(C)C.[Cl-].[Cl-],0
train_6,CC1=C(C(C)C)OS(=O)(=O)[N-]C1=O.[Na+],6
train_7,CC=C(C)C(=O)OC1CC2C(CC=C3CC(OC4CC(OC)C(OC5CC(OC)C(OC6OC(C)C(O)C(OC)C6O)C(C)O5)C(C)O4)CCC32C)C2(O)CCC(C(C)=O)C12C,0
train_8,COc1ccc(C2OCc3ccccc3S2)cc1OC(=O)Nc1ccccc1,6
train_9,N#Cc1ccc(NC(=O)C(CCC(=O)O)NC(=O)C(F)(F)F)cc1,6
train_10,CCCOc1ccc(CCc2ccccc2)cc1O,7
train_11,C=C1C(OC(C)=O)CCC(C)=CC2OC(=O)C(C)C2CC1OC(C)=O,0
train_12,N#Cc1ccc(NC(=O)NC(CC(=O)O)Cc2ccccc2)cc1,6
train_13,OCc1ccccc1OC1OC(CO)C(O)C(O)C1O,0
train_14,CC1CCSCC1NS(=O)(=O)[O-].[Na+],3
train_15,O=C(O)c1cn(C2CC2)c2cc(N3CCNCC3)c(F)cc2c1=O,0
train_16,C=C1CC23CCC4C(C)(C(=O)OC5OC(CO)C(O)C(O)C5OC5OC(C)C(O)C(O)C5O)CCCC4(C)C2CCC1(OC1OC(CO)C(O)C(OC2OC(CO)C(O)C(O)C2O)C1OC1OC(CO)C(O)C(O)C1O)C3,6
train_17,Nc1ncnc2c1ncn2C1OC(CO)C(O)C1O,0
train_18,C=CC1C2=CCOC(=O)C2=COC1OC1OC(CO)C(O)C(O)C1O,0
train_19,ON=CC1=CC2C=CC1CC2,0
train_20,CCOC(=O)c1ccccc1,0
train_21,O=C(O)CCC(=O)O,5
train_22,O=C1[N-]S(=O)(=O)c2ccccc21.O=C1[N-]S(=O)(=O)c2ccccc21.[Ca+2],6
train_23,O=C(O)c1ccccc1C(=O)c1ccc(Oc2ccccc2)cc1,7
train_24,Cl.c1ccc(CC2=NCCN2)cc1,0
train_25,N#Cc1ccc(NC(=O)N(CCC(=O)O)C2CCCCC2)cc1,0
train_26,CC(C)CC(=O)OCC(CO)NC(=O)C(N)CC(=O)O,6
train_27,O=P(O)(O)O,5
train_28,O=C1OC(C(O)CO)C(O)=C1O,5
train_29,CCOc1ccc([N+](=O)[O-])cc1N,6
train_30,NCCCC(=O)O,5
train_31,CC1C(=O)OC2CC34C5CC(C(C)(C)C)C36C(OC(=O)C6O)OC4(C(=O)O5)C21O,0
train_32,CCOC(=O)CCCNC(=O)OC1CC(C)CCC1C(C)C,8
train_33,CC1CCC(C(C)C)C(OCC(O)CO)C1,1
train_34,NC(CC(=O)O)C(=O)NCCc1ccc(O)cc1,6
train_35,CCC12CCCN(CCc3c([nH]c4ccccc34)CC1)C2,0
train_36,CC[N+](CC)(CC(=O)Nc1c(C)cccc1C)Cc1ccccc1.O=C([O-])c1ccccc1,0
train_37,CC(=O)OCc1ccccc1,2
train_38,O=C1C(O)C(CO)OC(OC2(CO)OC(CO)C(O)C2O)C1O,6
train_39,COc1ccc(CCc2ccc(O)c(OC)c2)cc1O,7
train_40,CC1=CCSCC1,0
train_41,NC(=O)c1ccc(NC(=O)NC(CC(=O)O)c2cccnc2)cc1,6
train_42,NC(C(=O)[O-])C(O)CC(=O)O.[Na+],8
train_43,Oc1cc(O)c2c(c1)OC(c1ccc(O)c(O)c1)C(O)C2c1c(O)cc(O)c2c1OC(c1ccc(O)c(O)c1)C(O)C2,0
train_44,N#Cc1ccc(NC(=O)NC(CCc2ccccc2)CC(=O)O)cc1,6
train_45,C1CCN2CC3CC(CN4CCCCC34)C2C1.O=S(=O)(O)O,0
train_46,COC(=O)CCNC(=O)C(N)CC(=O)O,6
train_47,CC(C)=CCC12CC3C(CC(C(C)(C)O)C3(C)C)(C(=O)C(C(=O)C(C)C)=C1O)C2=O,0
train_48,S=C=NCCc1ccccc1,0
train_49,O=C1CCCC2C3CC(CN12)C1CC(O)CCN1C3,0
train_50,CC(C)C(=O)C1=C(O)C2(O)C(CC3C(C)(C)OC(O)CC32O)C1=O,0
train_51,O=[N+]([O-])c1cc(NS(=O)(=O)[O-])ccc1Cl.[Na+],2
train_52,COC(=O)Cc1cn(C2OC(CO)C(O)C(O)C2O)c2ccccc12,1
train_53,NC(CC(=O)O)C(=O)NC(Cc1ccccc1)C(=O)O,7
train_54,CC=C(C)C(C)=NO,3
train_55,CC(C)OC(=O)C(NC(=O)C(N)CC(=O)O)C(C)C,6
train_56,OCC1CC(O)C(O)C(OC2(CO)OC(CO)C(O)C2O)O1,6
train_57,CC(CC(=O)O)S(=O)(=O)c1ccccc1,3
train_58,COC1OCC(O)C(O)C1O,6
train_59,CSCCNS(=O)(=O)[O-].[Na+],6
train_60,CCCCC(C)NC(=O)C(N)CC(=O)O,6
train_61,O=C(O)Cc1ccccc1Nc1c(Cl)cccc1Cl,0
train_62,CCCCCCCCCCCC[N+](C)(C)CCOc1ccccc1.[Br-],0
train_63,CCCCCS(=O)(=O)NC(=Nc1ccc(C#N)cc1)NCC(=O)O,6
train_64,COc1ccc(CCC(=O)c2c(O)cc(OC3OC(CO)C(O)C(O)C3OC3OC(C)C(O)C(O)C3O)cc2O)cc1,6
train_65,COC1CC(O)C(O)C(CO)O1,6
train_66,ON=CC1=CCCCCC1,2
train_67,NC(Cc1c[nH]c2ccccc12)C(=O)NC(Cc1ccccc1)C(=O)O,0
train_68,CC1(C)CCCC2(C)C3CC=C(C=O)C(C=O)=CC3CCC12,1
train_69,CCC(C)c1ccc(NS(=O)(=O)[O-])cc1.[Na+],5
train_70,CC(C)CC1NC(=O)C2CCCN2C1=O,0
train_71,CCc1ccc(NS(=O)(=O)[O-])cc1.[Na+],1
train_72,O=C1NS(=O)(=O)c2cc(F)ccc21,6
train_73,CCC(C)C(=O)OCC(C)NC(=O)C(N)CC(=O)O,6
train_74,CCCCCCCCCO,0
train_75,COc1ccc(C=O)cc1,0
train_76,OCC1OC(O)C(O)C1O,6
train_77,CC1OC(OC2C(Oc3cc(O)c4c(c3)OC(c3ccc(O)c(O)c3)CC4=O)OC(CO)C(O)C2O)C(O)C(O)C1O,0
train_78,COCC1OC(COC)(OC2OC(CO)C(O)C(O)C2O)C(O)C1O,6
train_79,C=C(C)CSc1nc2c(ncn2C2OC(COP(=O)([O-])[O-])C(O)C2O)c(=O)[nH]1.[Na+].[Na+],8
train_80,NC(CC(=O)O)C(=O)NCCc1ccccc1,7
train_81,O=c1cc(-c2ccccc2)oc2ccccc12,0
train_82,COc1c2ccoc2cc2oc(=O)ccc12,0
train_83,C=C1C(=O)C23CCC4C(C)(C)CC(OOC5OC(CO)C(O)C(O)C5O)CC4(C)C2CCC1C3,0
train_84,O=[N+]([O-])c1ccccc1,6
train_85,CC(=O)OC1OCC23C(CCC(C)(C)C12)OC(=O)C12CC(CC(=O)C13)C(C)C2=O,0
train_86,C=C(C)C1CC2(O)C(CC3C(=O)C(C(=O)CC(C)C)=C(O)C32O)C1(C)C,0
train_87,O=C(O)C1(S(=O)(=O)c2ccccc2)CCCCC1,3
train_88,CCCCN1C(=O)c2ccc([N+](=O)[O-])cc2S1(=O)=O,0
train_89,O=c1c(O)c(-c2ccccc2O)oc2cc(O)cc(O)c12,0
train_90,C=C1C(=O)OC2C1CCC(=C)C1CC(OC(C)=O)C(=C)C12,0
train_91,CC(O)CCOCCC(C)O,0
train_92,S=C1NCCN1,0
train_93,C=C1CC23CCC4C(C)(C(=O)O)CCCC4(C)C2CCC1(O)C3,6
train_94,O=S(=O)([O-])[O-].[Na+].[Na+],0
train_95,O=C(O)c1cccc2ccccc12,0
train_96,COCC(=O)OC1(CCN(C)CCCc2nc3ccccc3[nH]2)CCc2cc(F)ccc2C1C(C)C.Cl.Cl,0
train_97,COc1ccc(CCC(=O)c2c(O)cc(O)cc2O)cc1O,6
train_98,C=C1C(=O)C23CC1CC(OC(C)=O)C2C1(COC(C)=O)C(CCC(C)(C)C1C=O)OC3=O,7
train_99,O=c1c(-c2ccc(O)cc2)coc2cc(O)ccc12,0
train_100,CC(=O)OC1CC2C(C=C(C)CCC=C1C)OC(=O)C2C,0
train_101,O=C(O)CN=C(Nc1cc(Cl)cc(Cl)c1)NC(c1ccccc1)c1ccccc1,6
train_102,CN1C(=O)[N-]C(=O)C(C)(C2=CCCCC2)C1=O.[Na+],0
train_103,COc1cc(C=CC(=O)O)cc(OC)c1O,0
train_104,CCCOS(=O)(=O)NCC(C)C,2
train_105,COc1ccc(NC(N)=O)cc1,6
train_106,CCN(CC)CCOC(=O)C1(C2CCCCC2)CCCCC1.Cl,0
train_107,CC(O)C(O)C(O)C(=O)NCCc1ccc(O)cc1,8
train_108,CCN1C(=O)c2ccccc2S1(=O)=O,7
train_109,CCCCC(C)NC(=Nc1ccc(C#N)cc1)NCC(=O)O,6
train_110,CC(C)C1NC(=O)C(Cc2ccccc2)NC1=O,0
train_111,CCCNC(=O)Nc1ccc([N+](=O)[O-])cc1,7
train_112,CC(C)C1NC(=O)C(Cc2ccc(O)cc2)NC1=O,0
train_113,O=Cc1ccco1,6
train_114,Cc1nc2c(ncn2C2OC(COP(=O)([O-])[O-])C(O)C2O)c(=O)[nH]1.[Na+].[Na+],8
train_115,OCC1OCC(O)C1O,6
train_116,O=C(OCC1OC(O)C(O)(COC(=O)c2cc(O)c(O)c(O)c2)C1O)c1cc(O)c(O)c(O)c1,1
train_117,O=S(=O)([O-])Nc1ccc(F)cc1F.[Na+],3
train_118,COc1ccc(CC2OC(=O)c3ccccc32)cc1O,7
train_119,CC(=CCO)CCC1=C(CO)CC(OC2OCC(O)C(O)C2O)C2C(C)(CO)CC(O)CC12C,7
train_120,O=C(CCCN1CCC(O)(c2ccc(Cl)cc2)CC1)c1ccc(F)cc1,0
train_121,COC(=O)c1ccc(C)c(NS(=O)(=O)[O-])c1.[Na+],6
train_122,[Cl-].[NH4+],4
train_123,CCOCCSc1nc2c(ncn2C2OC(COP(=O)([O-])[O-])C(O)C2O)c(=O)[nH]1.[Na+].[Na+],8
train_124,COc1ccc([N+](=O)[O-])cc1NS(=O)(=O)[O-].[Na+],3
train_125,C=C(C)CCCC(C)CCOC(=O)CC(C)C,2
train_126,C=C1C(=O)C23CC1CC(OC(C)=O)C2C12COC3(O)C(O)C1C(C)(C)CCC2OC(C)=O,0
train_127,OC1COC(OC2COC(O)C(O)C2O)C(O)C1O,6
train_128,CCC(CC(=O)OC(C)C)NC(=O)C(N)CC(=O)O,3
train_129,NC(Cc1c[nH]c2cc(Cl)ccc12)C(=O)O,6
train_130,Cc1cc(N=C(NCC(=O)O)NC(C)c2ccccc2)cc(C)c1C#N,6
train_131,O=C1CNC(=O)C(Cc2ccccc2)N1,0
train_132,NC(Cc1c[nH]c2ccccc12)C(=O)NC(Cc1c[nH]c2ccccc12)C(=O)O,0
train_133,C=C1C(=O)OC2C=C(C)CCC=C(C)CCC12,0
train_134,COc1ccc2c(c1OC)C(=O)OC2C1c2c(cc3c(c2OC)OCO3)CCN1C,0
train_135,N#Cc1ccc(N=C(NCC(=O)O)NS(=O)(=O)c2ccccc2)cc1,6
train_136,COc1ccc(C2Cc3cccc(O)c3CO2)cc1O,6
train_137,O=[N+]([O-])c1cc([N+](=O)[O-])c([O-])c([N+](=O)[O-])c1.[NH4+],0
train_138,CC(C)CC(NC(=O)CN)C(=O)O,0
train_139,NC(CCS(=O)(=O)[O-])C(=O)O.[Na+],8
train_140,COc1ccc(CSc2ccccc2)cc1O,6
train_141,O=S(=O)([O-])Nc1cccc([S-])c1.[Na+].[Na+],3
train_142,NCCCCC(N)C(=O)O,6
train_143,O=S(=O)([O-])Nc1cc(C(F)(F)F)ccc1F.[Na+],3
train_144,COS(=O)(=O)NC1CCCCC1C,0
train_145,O=C(O)CC1NC(=O)C(Cc2ccccc2)NC1=O,0
train_146,COS(=O)(=O)NC1CCCCC1,2
train_147,CCOc1ccc(CCC(=O)c2ccccc2O)cc1O,6
train_148,C=C1C(=O)OC2C3C(CO)=CC(=O)C3=C(C)CC(OC(=O)Cc3ccc(O)cc3)C12,0
train_149,CC(=O)OCC12C(CCC(C)(C)C1C(=O)O)OC(=O)C13CC(CC(O)C12)C(C)C3=O,0
train_150,O=c1c(-c2ccccc2)coc2cc(O)ccc12,0
train_151,CCC(C)C(=O)OC(C)C1(O)CCC2(O)C3CCC4CC(OC5CC(OC)C(OC6CC(OC)C(OC7OC(C)C(OC8OC(CO)C(OC9OC(CO)C(O)C(O)C9O)C(O)C8O)C(OC)C7O)C(C)O6)C(C)O5)CCC4(C)C3CC(OC(C)=O)C12C,7
train_152,O=S(=O)(NC1CCCCC1)OC1CCCCC1,2
train_153,Cc1ccccn1,0
train_154,C=C1C(=O)OC2C=C(C)C(O)CCC(C)=CC(O)C12,0
train_155,C=C(C)C1C2OC(=O)C1C1(O)CC3OC34C(=O)OC2C14C.CC(C)(O)C1C2OC(=O)C1C1(O)CC3OC34C(=O)OC2C14C,0
train_156,ClC(Cl)C(Cl)Cl,6
train_157,CCC(=O)OCC(CC)NC(=O)C(N)CC(=O)O,6
train_158,Oc1ccc(-c2[o+]c3cc(O)cc(O)c3cc2O)cc1,0
train_159,C1CCc2nnnn2CC1,0
train_160,CCc1[nH]c2ccccc2c1CC(NC(=O)C1CCCN1C(=O)C(CC(N)=O)NC(=O)C(NC(=O)C(CC(N)=O)NC(=O)C1CCCN1C(=O)CNC(=O)C(Cc1ccccc1)NC(=O)C(CC(C)C)NC(=O)C(N)CCC(N)=O)C(C)C)C(=O)O,2
train_161,CCOC(=O)C(CO)NC(=O)C(N)CC(=O)O,6
train_162,O=C1CCCC2C3CCCN4CCCC(CN12)C34,0
train_163,NC(=Nc1ccc([N+](=O)[O-])cc1)NCC(=O)O,6
train_164,CCOC(=O)C(NC(=O)C(N)CC(=O)O)C(=O)OC1C2(C)CCC(C2)C1(C)C,6
train_165,CC(C)=CCCC(C)(O)C1CCC(C)=CC1O,3
train_166,O=c1c(-c2ccccc2)coc2ccccc12,0
train_167,O=C1NCC(=O)N2CCCC12,0
train_168,CCOc1cccc(NS(=O)(=O)[O-])c1.[Na+],6
train_169,CC(COC(=O)C1CC1)NC(=O)C(N)CC(=O)O,6
train_170,CSCCNc1nc2c(ncn2C2OC(COP(=O)(O)O)C(O)C2O)c(=O)[nH]1,8
train_171,Cn1cc[nH]c1=S,0
train_172,Oc1ccc(C=Cc2cc(O)cc(O)c2)cc1,0
train_173,COc1ccc(-c2cc(=O)c3c(OC)c(OC)c(OC)c(OC)c3o2)cc1OC,0
train_174,OCC1OC(OC2(CBr)OC(CBr)C(Br)C2O)C(O)C(O)C1F,6
train_175,Cc1cccc(C)c1NC(=O)C[N+](C)(C)CCCCCCCCCl,0
train_176,O=C(O)CCCNC(=O)Nc1ccc([N+](=O)[O-])cc1,7
train_177,C=C(C)C1CC23C(=O)C(C(=O)C(C)CC)=C(O)C(CC=C(C)C)(CC2C1(C)C)C3=O,0
train_178,CC(=O)OC(C)(C)C=CC(=O)C(C)(O)C1C(O)CC2(C)C3CC=C4C(C=C(O)C(=O)C4(C)C)C3(C)C(=O)CC12C,0
train_179,CC(C)=CCC1(CC=C(C)C)C(=O)C(O)=C(C(=O)CC(C)C)C1=O,0
train_180,O=S(=O)([O-])Nc1cc(Cl)cc(Cl)c1.[Na+],6
train_181,O=C(O)C(CC(O)C(O)CO)Nc1nc2c(ncn2C2OC(COP(=O)(O)O)C(O)C2O)c(=O)[nH]1,8
train_182,NC(CC(=O)O)C(=O)NC(CO)COC(=O)C1CCC1,6
train_183,COc1ccc(C2SCc3ccccc3CS2)cc1O,7
train_184,c1cc(-c2ccncc2)ccn1,0
train_185,NC(CC(=O)O)C(=O)[O-].[Na+],8
train_186,c1cncnc1,0
train_187,CC(C)CC(NC(=O)C(N)CCC(N)=O)C(=O)NC(Cc1ccccc1)C(=O)NC(CC(N)=O)C(=O)N1CCCC1C(=O)NC(CO)C(=O)NC(C(=O)NC(CC(N)=O)C(=O)N1CCCC1C(=O)NC(Cc1c[nH]c2ccccc12)C(=O)O)C(C)O,2
train_188,CCCCCOc1ccc(CCc2ccccc2)cc1O,7
train_189,CCCCCCC(C)=O,0
train_190,CCCCN(CCCC)CCN1S(=O)(=O)c2ccccc2S1(=O)=O,0
train_191,COc1ccc(-c2cc(=O)c3c(O)cccc3o2)cc1O,7
train_192,Nc1cccc(C(=O)O)c1,6
train_193,COc1cc(CCC(=O)c2c(O)cc(OC3OC(CO)C(O)C(O)C3OC3OC(C)C(O)C(O)C3O)cc2O)ccc1O,7
train_194,CC(CCC1(O)OC2CC3C4CCC5CC(OC6(C)OC(C)(CO)C(C)(COCC7(C)OC(C)(CO)C(C)(O)C(C)(O)C7(C)OC7(C)OC(C)(CO)C(C)(O)C(C)(O)C7(C)O)C(C)(O)C6(C)O)CCC5(C)C4CCC3(C)C2C1C)COCC1(C)OC(C)(CO)C(C)(O)C(C)(O)C1(C)O,0
train_195,NC(CC(=O)O)C(=O)NCCc1ccc(F)cc1,6
train_196,CCCOC(=O)C(CO)NC(=O)C(CC(=O)O)NC(=O)Nc1ccc(C#N)cc1,6
train_197,Cc1nccc2c1[nH]c1ccccc12,0
train_198,CCC(CC)NS(=O)(=O)[O-].[Na+],3
train_199,O=c1cc(-c2ccc(O)c(O)c2)oc2cc(O)ccc12,0
train_200,CCCCCC(C=CC=CCCCCCCCC(=O)O)OO,1
train_201,COc1ccc(NS(=O)(=O)c2ccc(N)cc2)nn1,0
train_202,CCC1CN2CCc3cc(OC)c(OC)cc3C2CC1CC1NCCc2cc(O)c(OC)cc21,0
train_203,O=C(C=Cc1ccc(O)cc1)Nc1ccccc1C(=O)O,0
train_204,NC(CS)C(=O)O,2
train_205,Nc1cccc([N+](=O)[O-])c1,6
train_206,N#Cc1ccc(NS(=O)(=O)[O-])cc1.[Na+],1
train_207,CC(C)C1CCC(C)C23CCC(C)(O)C2C13,1
train_208,Cc1cccc(NC(N)=O)c1,0
train_209,CCOC(=O)C(NC(=O)C(N)CC(=O)O)C(C)O,6
train_210,CC(=O)c1ccc(NS(=O)(=O)[O-])cc1.[Na+],3
train_211,CC1OC(OC2C(OC3CCC4(C)C(=CCC5C4CCC4(C)C5CC5OC6(CCC(C)(COC7OC(CO)C(O)C(O)C7O)O6)C(C)C54)C3)OC(CO)C(OC3OC(CO)C(O)C(OC4OC(CO)C(O)C(O)C4O)C3O)C2O)C(O)C(O)C1O,0
train_212,COc1c(O)cc2oc(-c3ccc(O)c(O)c3)cc(=O)c2c1O,0
train_213,CC1=CCC(C=NO)=CC1,6
train_214,O=C1c2c(O)cc(O)cc2OC(c2ccc(O)c(O)c2)C1O,0
train_215,CC(C)OC(=O)C(C)NC(=O)C(N)CC(=O)O,6
train_216,O=S(=O)([O-])NC1CCCCC1.O=S(=O)([O-])NC1CCCCC1.[Ca+2],6
train_217,CCCOC(=O)C(CCC)NC(=O)C(N)CC(=O)O,6
train_218,CC12CCC(C1)C(C)(C)C2=O,0
train_219,CC(C)C(COC(=O)C1CC1)NC(=O)C(N)CC(=O)O,6
train_220,COc1cc(C=CC(=O)OC2OC(CO)C(O)C(O)C2O)cc(OC)c1O,0
train_221,CC[N+](C)(CC(=O)Nc1c(C)cccc1C)Cc1ccc(Cl)cc1,0
train_222,O=c1cc(-c2ccc(O)cc2)oc2ccccc12,0
train_223,C=CCc1ccc(OC)cc1.CC12CCC(C1)C(C)(C)C2=O.CC=Cc1ccc(OC)cc1,0
train_224,COc1cc(C)nc(NS(=O)(=O)[O-])n1.[Na+],3
train_225,O=S(=O)([O-])Nc1cccc(O)c1.[Na+],3
train_226,COc1c(N2CCNC(C)C2)c(F)cc2c(=O)c(C(=O)O)cn(C3CC3)c12,0
train_227,CC(Cc1ccccc1)NC(=O)C(N)CC(=O)O,6
train_228,COc1cc2c(cc1O)C(COc1ccccc1)OCC2,7
train_229,COc1cc(C=CC(=O)NCCc2ccc(O)cc2)ccc1O,0
train_230,N#Cc1ccc(NC(=O)NC(CC(=O)O)c2ccccc2)cc1,6
train_231,COC1CC(O)C(O)C(C)O1,0
train_232,O=C(O)CC(O)C(=O)O,5
train_233,Cc1ccc(NS(=O)(=O)[O-])cc1F.[Na+],0
train_234,CCCOC(=O)C(CC)NC(=O)C(N)CC(=O)O,6
train_235,O=C(O)CNC(=Nc1ccccc1)NCC1CCCCC1,6
train_236,O=S(=O)([O-])Nc1cc(C(F)(F)F)ccc1Cl.[Na+],3
train_237,CC=C(C)C(=O)OC1CC2C(CC=C3CC(O)CCC32C)C2(O)CCC(C(C)=O)C12C,0
train_238,O=S(=O)([O-])NC1CCCCCSC1.[Na+],3
train_239,CCOC(=O)C(Cc1ccccc1)NC(=O)C(N)CC(=O)O,6
train_240,CC1=CC2C3C4C(=C(C)C3C13C1OC(=O)C(C)C1CCC(C)(O)C23)C1OC(=O)C(C)C1CCC4(C)O,0
train_241,C=C1CC23CCC4C(C)(C(=O)OC5OC(CO)C(O)C(O)C5OC5OC(CO)C(O)C(O)C5O)CCCC4(C)C2CCC1(OC1OC(CO)C(O)C(O)C1OC1OC(CO)C(O)C(O)C1O)C3,6
train_242,Nc1cccc2c1S(=O)(=O)NC2=O,6
train_243,CCCOc1ccc(NC(N)=O)cc1,6
train_244,CC1CC(C)C(C(=O)O)(S(=O)(=O)c2ccccc2)CC1C,3
train_245,O=S(=O)(CCl)NCc1ccccc1,6
train_246,CCCCC(C)NC(=Nc1cc(Cl)cc(Cl)c1)NCC(=O)O,6
train_247,CC1(C)CC1(C(=O)O)S(=O)(=O)c1ccc(O)cc1,6
train_248,COCC1CC=C(C=NO)CC1,6
train_249,ON=CC1=CCCCC1,6
train_250,CCc1cccc(C)c1NS(=O)(=O)[O-].[Na+],2
train_251,CCCOC(=O)C(C)NC(=O)C(N)CC(=O)O,6
train_252,CC(NC(=Nc1ccc2ccccc2c1)NCC(=O)O)c1ccccc1,6
train_253,NC(CC(O)(Cc1c[nH]c2ccccc12)C(=O)O)C(=O)[O-].[Na+],6
train_254,CCC(C)C(=O)C1=C(O)C(O)(C(=O)C=CC(C)C)C(CC=C(C)C)C1=O,0
train_255,COc1ccc(CC(C(=O)O)c2ccccc2)cc1O,7
train_256,CCCCCN1C(=O)c2ccc([N+](=O)[O-])cc2S1(=O)=O,0
train_257,CC(C)CC(=O)c1c(O)c(C2OC(CO)C(O)C(O)C2O)c(O)c(C2OC(CO)C(O)C(O)C2O)c1O,0
train_258,COCC(O)CCCCc1ccccc1,0
train_259,O=C(c1ccccc1)C(O)c1ccccc1,0
train_260,N=C(N)c1ccc(OCCCCCOc2ccc(C(=N)N)cc2)cc1.O=S(=O)(O)CCO.O=S(=O)(O)CCO,0
train_261,CCCCCC(O)C=CC=CCCCCCCCC(=O)O,2
train_262,CN(C)C=Nc1c(I)cc(I)c(CCC(=O)[O-])c1I.[Na+],0
train_263,C=CC1CN2CCC1CC2C(O)c1ccnc2ccc(OC)cc12.O=S(=O)(O)O,0
train_264,CC(=O)NC1C(O)OC(CO)C(O)C1O,6
train_265,O=S(=O)([O-])NC1CSCCSC1.[Na+],1
train_266,O=C(O)CNC(=Nc1ccc2ccccc2n1)NC1CCCCCCC1,6
train_267,c1cc[nH]c1,0
train_268,CC(C)CC(N)C(=O)NC(C)C(=O)O,0
train_269,CCN(CC)CCN1C(=O)c2ccccc2S1(=O)=O,0
train_270,O=c1[nH]c(-c2ccccc2)nc2c1ncn2C1OC(COP(=O)([O-])[O-])C(O)C1O.[Na+].[Na+],8
train_271,CC1(c2ccccc2)C(=O)NC(=O)NC1=O,0
train_272,COC(C)=O,0
train_273,COC1=CC(C)C2CC3OC(=O)CC4C(C)=C(OC)C(=O)C(C2(C)C1=O)C34C,0
train_274,CCCC1=C(C)OS(=O)(=O)NC1=O,6
train_275,COC(=O)C(Cc1ccccc1)NC(=O)C(CC(=O)O)NC(=O)Nc1ccc(C(C)=O)cc1,6
train_276,O=S(=O)([O-])NCCCO.[Na+],3
train_277,CC(C)CC(N)C(=O)NC(Cc1ccccc1)C(=O)O,0
train_278,Cc1cc(=O)[nH]c(=S)[nH]1,0
train_279,O=c1[nH]c(=O)c2ncn(C3OC(COP(=O)(O)O)C(O)C3O)c2[nH]1,8
train_280,O=C(CCc1ccc(O)c(O)c1)NCCCCN(CCCNC(=O)CCc1ccc(O)c(O)c1)C(=O)CCc1ccc(O)c(O)c1,0
train_281,CC1=C2C(=O)C=C(CO)C2C2OC(=O)C(C)C2C(O)C1,0
train_282,O=[N+]([O-])c1cc(NS(=O)(=O)[O-])ccc1F.[Na+],3
train_283,CC(C)CC(N)C(=O)NC(Cc1c[nH]c2ccccc12)C(=O)O,0
train_284,Cc1cccc(C)c1NC(=O)C[N+](C)(C)CCl,0
train_285,O=C(O)CNC(=Nc1cc(Cl)cc(Cl)c1)NCC1CCCCC1,6
train_286,O=C(C(Cl)Cl)N(CCO)Cc1ccc(Cl)cc1Cl,0
train_287,N#Cc1ccc(N=C(NCC(=O)O)NC2CCCCCCC2)cn1,6
train_288,OCC=Cc1ccccc1,0
train_289,CCOC(C)(C)CCc1c(O)cc(OC)c(C(=O)C=Cc2ccc(O)cc2)c1O,0
train_290,c1ccncc1,0
train_291,COc1ccc2c(c1)C13CCCCC1C(C2)N(C)CC3,0
train_292,CCOC(=O)c1c(N)sc2c1CCN(Cc1ccccc1)C2.Cl,0
train_293,CCCCS(=O)(=O)NC(=Nc1ccc(C#N)cc1)NCC(=O)O,6
train_294,Cc1c(F)cccc1NS(=O)(=O)[O-].[Na+],3
train_295,CC(C)=CC(O)CC(C)C1CCC2(C)C3C(O)C=C4C(CCC(O)C4(C)C)C3(C=O)CCC12C,0
train_296,CC(C)=CCc1c(O)c(O)c(O)c2c1OC(C)(C)CC2=O,0
train_297,Oc1ccc(C2COc3cc(O)ccc3C2)cc1,0
train_298,CCOC(=O)c1ccccc1NS(=O)(=O)[O-].[Na+],1
train_299,OCC1OC(O)(CO)C(O)C1O,6
train_300,COc1cccc(NS(=O)(=O)[O-])c1.[Na+],1
train_301,CCCSCC(NC(=O)C(N)CC(=O)O)C(=O)OC,6
train_302,NC(CCC(=O)NC(Cc1ccc(O)cc1)C(=O)O)C(=O)O,0
train_303,OO,0
train_304,CC1=C2C3OC(=O)C(C)C3CCC2(C)C=CC1=O,0
train_305,Cc1ncc(C[n+]2csc(CCO)c2C)c(N)n1,0
train_306,COc1c(C)c(O)c(CC(O)C(C)(C)OC)c(O)c1C(=O)C=Cc1ccc(O)cc1,0
train_307,COc1ccc(-c2cc(=S)ss2)cc1,0
train_308,COc1ccc(C=NO)cc1,2
train_309,O=c1c(O)c(-c2ccc(O)c(O)c2)oc2cc(O)ccc12,0
train_310,COc1cc2c(=O)c(-c3ccc(O)cc3)coc2cc1O,0
train_311,NCC(=O)O,6
train_312,COc1ccc2cc3[n+](cc2c1OC)CCc1cc2c(cc1-3)OCO2,0
train_313,C=CC(C)(CCC=C(C)C)OC=O,2
train_314,O=C(CCc1ccc(O)cc1)c1c(O)cccc1O,7
train_315,O=Cc1ccc2n1CC1(CC(O)C(O)CO1)OC2,0
train_316,CC(COC(=O)C1CCC1)NC(=O)C(N)CC(=O)O,6
train_317,O=C1OC(c2cccc(O)c2)Cc2ccccc21,7
train_318,O=C(CCNNC(=O)c1ccncc1)NCc1ccccc1,0
train_319,CN(C)c1cccc(NS(=O)(=O)[O-])c1.[Na+],0
train_320,CC(C)C(=O)OCCc1ccccc1,2
train_321,COCC1OC(CO)C(O)C(O)C1O,2
train_322,Cc1cc(F)ccc1NS(=O)(=O)[O-].[Na+],0
train_323,Cc1ccc(NS(=O)(=O)[O-])nc1.[Na+],3
train_324,Cc1cccnc1NS(=O)(=O)[O-].[Na+],3
train_325,CC1C(=O)C23C(O)C1CCC2C12COC3(O)C(O)C1C(C)(C)CCC2=O,0
train_326,COC(=O)C(Cc1ccccc1)NC(=O)C(CC(=O)O)NC(=S)Nc1ccc([N+](=O)[O-])cc1,6
train_327,COc1ccc(C2OCc3c(O)cccc3S2)cc1O,6
train_328,CC1NC(=O)CNC1=O,0
train_329,O=C(O)CCC(=O)NCCc1ccc(O)cc1,8
train_330,CC(=CCO)CCC1=C(C=O)CC(OC2OCC(O)C(O)C2O)C2C(C)(CO)CCCC12C,6
train_331,COc1ccc(NCc2ccccc2)cc1O,6
train_332,O=S(=O)([O-])Nc1nccs1.[Na+],6
train_333,CCCCC(=O)OCC(C)NC(=O)C(N)CC(=O)O,6
train_334,Cc1ccccc1NS(=O)(=O)[O-].[Na+],6
train_335,O=S(=O)([O-])Nc1ccc2c(c1)CCC2.[Na+],3
train_336,CCCCCCCCC=CCCCCCCCC(=O)OC(CO)CO,0
train_337,CC(N)C(=O)OC(C)(C)C.Cl,6
train_338,COc1ccc(OCc2ccccc2C(=O)O)cc1O,6
train_339,CCC1=COS(=O)(=O)[N-]C1=O.[Na+],6
train_340,CCCC(=O)NC1CCOC1=O,0
train_341,N#C[S-].[Na+],0
train_342,COc1ccc(C2OCc3ccccc3S2)cc1,7
train_343,CCCCCCCCCCCCCc1nnc(NS(=O)(=O)[O-])s1.[Na+],6
train_344,CC12CCC(O)CC1CCC1C2C(O)CC2(C)C(c3ccc(=O)oc3)CCC12O,0
train_345,Oc1ccccc1O,0
train_346,O=C1NS(=O)(=O)c2cscc21,6
train_347,ON=CC1=COCCC1,6
train_348,Cc1cccc(CNC(=Nc2ccc(C#N)cc2)NCC(=O)O)c1,6
train_349,N#Cc1ccc(NC(=O)NC(CC(=O)O)c2ccc3ccccc3c2)cc1,6
train_350,CCO,3
train_351,Cl.NCCCCC(N)C(=O)NCCS(=O)(=O)O,4
train_352,CC(CCC1(O)OC2CC3C4CCC5CC(OC6OC(CO)C(OC7OC(C)C(O)C(O)C7O)C(O)C6O)CCC5(C)C4CCC3(C)C2C1C)COC1OC(CO)C(O)C(O)C1O,0
train_353,CC(Cc1ccccc1)NCCC#N.Cl,0
train_354,CC(O)CO,6
train_355,COc1cc2c(=O)c(-c3ccc(O)cc3)coc2cc1OC1OC(CO)C(O)C(O)C1O,0
train_356,O=S(=O)([O-])Nc1nnc(C(F)(F)F)s1.[Na+],6
train_357,O=S(=O)([O-])NC1CCCSC1.[Na+],6
train_358,C=C(C)OC12OCC3(C(OC(C)=O)CCC(C)(C)C3C1OC(C)=O)C1CCC3C(C)C(=O)C12C3OC(C)=O,0
train_359,CCCOc1ccc(C2CC(=O)c3c(O)cccc3O2)cc1O,6
train_360,CCCCCC=CC=CC(=O)NCC(C)C,1
train_361,CC(CC(=O)OC(C)(C)C)NC(=O)C(N)CC(=O)O,6
train_362,CCOCc1c(O)c(C(=O)O)c(C)c2c1OC(=O)c1c(C)cc(O)c(C=O)c1O2,0
train_363,CC(C)CC(NC(=O)C(N)CCC(N)=O)C(=O)NC(Cc1ccccc1)C(=O)NC(CC(N)=O)C(=O)N1CCCC1C(=O)NC(CO)C(=O)NC(C(=O)NC(CC(N)=O)C(=O)N1CCCC1C(=O)NC(Cc1c[nH]c2ccccc12)C(=O)NC(Cc1cnc[nH]1)C(=O)NC(CO)C(=O)N1CCCC1C(=O)O)C(C)O,0
train_364,CCc1cc(Br)ccc1NS(=O)(=O)[O-].[Na+],6
train_365,COCC1OC(CO)(OC2OC(CO)C(O)C(O)C2O)C(O)C1O,6
train_366,CC(CC1CCCCC1)N(C)C(=O)C(N)CC(=O)O,0
train_367,CC(C)CC(N)C(=O)NC(CC(C)C)C(=O)O,0
train_368,CC1C(=O)C23CC1CC(O)C2C12COCC1C(C)(C)CCC2OC3=O,7
train_369,COC(CN(S(=O)(=O)[O-])S(=O)(=O)[O-])OC.[Na+].[Na+],5
train_370,CCCOS(=O)(=O)NC1CCCCC1,2
train_371,C=CCc1ccc(OC)c(OC)c1,0
train_372,CCC(=O)OCC(C)C,0
train_373,CCCCCCCCCCC=CC=O,2
train_374,CC(C)(C)CC(C)(C)NS(=O)(=O)[O-].[Na+],3
train_375,N=C(N)c1ccc(OCCCOc2ccc(C(=N)N)cc2)cc1.O=S(=O)(O)CCO.O=S(=O)(O)CCO,0
train_376,CC(NC(=O)C(N)CC(=O)O)C(=O)NC(C)(C(C)(C)C)C(C)(C)C,6
train_377,CC1CCC(C(C)C)C(OC(=O)CCCC(=O)O)C1,1
train_378,COc1ccc(CCc2ccc(C)cc2)cc1O,7
train_379,COC(=O)C(NC(=O)C(N)CC(=O)O)C(C)c1ccccc1,6
train_380,CCC(C)OS(=O)(=O)NC1CCCCC1,2
train_381,CC(C)CC1NC(=O)C(C(C)C)NC1=O,0
train_382,CC(=O)OCCCc1ccccc1,2
train_383,Cc1ccc([N+](=O)[O-])cc1NS(=O)(=O)[O-].[Na+],1
train_384,Oc1cc(O)c2c(c1)OC(c1ccc(O)c(O)c1)C(O)C2c1c(O)cc(O)c2c1OC(c1ccc(O)c(O)c1)C(O)C2c1c(O)cc(O)c2c1OC(c1ccc(O)c(O)c1)C(O)C2,0
train_385,O=C1OC(c2ccc(O)c(O)c2)Cc2ccccc21,7
train_386,CCCCOS(N)(=O)=O,6
train_387,O=S(=O)([O-])Nc1ccc(Cl)cc1F.[Na+],2
train_388,CCCCOS(=O)(=O)NC1CCCCC1,2
train_389,O=S(=O)([O-])NC1CSC1.[Na+],3
train_390,O=S(=O)([O-])NC1CCC(NS(=O)(=O)[O-])CC1.[Na+].[Na+],7
train_391,CC1=CC2C=CC1CC2,0
train_392,O=S(=O)([O-])Nc1cc(F)cc(F)c1.[Na+],6
train_393,CN(Cc1ccccc1)C(=Nc1ccc(C#N)cc1)NCC(=O)O,6
train_394,O=S(=O)([O-])Nc1ccc(OCc2ccccc2)cc1.[Na+],1
train_395,Cn1cnc2c1c(=O)[nH]c(=O)n2C,0
train_396,O=C(O)C(C1CCCC1)S(=O)(=O)c1ccccc1,6
train_397,CC12CCC(C(S(=O)(=O)[O-])C1=O)C2(C)C.CCN(CC)C(=O)c1ccc[n+](C)c1,0
train_398,N#Cc1ccc(Cl)c(N)c1,6
train_399,CC(C)C1=CCC(C=NO)=CC1,0
train_400,Cc1cccc(C)c1NC(=O)C[N+](C)(C)CCc1ccc(Cl)cc1,0
train_401,CCCOc1nc2c(ncn2C2OC(COP(=O)([O-])[O-])C(O)C2O)c(=O)[nH]1.[Na+].[Na+],8
train_402,O=C(NC(CO)C(O)c1ccc([N+](=O)[O-])cc1)C(Cl)Cl,0
train_403,N#Cc1ccc(NC(=O)NC(CC(=O)O)c2cccnc2)cn1,6
train_404,CC(=O)OCC(NC(=O)C(N)CC(=O)O)C(C)C,6
train_405,CC(C)C(C(=O)O)S(=O)(=O)c1ccc(Cl)cc1,2
train_406,O=C1CC(c2ccccc2)Oc2ccccc21,0
train_407,[Cl-].[Na+],4
train_408,CNS(=O)(=O)c1ccc(NC(=O)NC(CC(=O)O)C(=O)NC(Cc2ccccc2)C(=O)OC)cc1,6
train_409,CCCCOC(=O)C(Cc1ccccc1)NC(=O)C(N)CC(=O)O,6
train_410,CC1OC(O)C(O)C(O)C1O,6
train_411,COC(=O)CCC(N)C(=O)OC,2
train_412,CC(COC(=O)C1CCC1C)NC(=O)C(N)CC(=O)O,6
train_413,CCc1cnccn1,0
train_414,CC(C)CC(=O)OCCNC(=O)C(N)CC(=O)O,6
train_415,COc1ccc(-c2cc(=O)c3c(OC)c(OC)c(OC)cc3o2)cc1OC,0
train_416,CC(N)C(=O)O,6
train_417,COc1ccc(C2=COc3ccccc3O2)cc1O,7
train_418,COc1cc(C)nc(-n2nc(C)cc2OC)n1,0
train_419,COc1ccc(C(=O)Sc2ccccc2)cc1O,7
train_420,O=c1[nH]c(=O)c2[nH]cnc2[nH]1,0
train_421,CNC1C(OC2C(OC3C(O)C(O)C(N=C(N)N)C(O)C3N=C(N)N)OC(C)C2(O)C=O)OC(CO)C(O)C1O,0
train_422,CC(C)=CCC1C(=O)C(C(=O)C(C)C)=C(O)C1(O)C(=O)C=CC(C)C,0
train_423,O=S(=O)([O-])Nc1ccc2c(c1)OCCO2.[Na+],0
train_424,N#Cc1ccc(N=C(NCC(=O)O)NC23CC4CC(CC(C4)C2)C3)cc1,6
train_425,CCC(C)C(=O)OC(C)C1(O)CCC2(O)C3CCC4CC(OC5CC(OC)C(OC6CC(OC)C(OC7CC(OC)C(OC8OC(CO)C(OC9OC(CO)C(O)C(O)C9O)C(O)C8O)C(C)O7)C(C)O6)C(C)O5)CCC4(C)C3CC(OC(C)=O)C12C,7
train_426,CC1(C)CCC2(C(=O)O)CCC3(C)C(=CCC4C5(C)CCC(OC6OC(CO)C(O)C(O)C6O)C(C)(C)C5CCC43C)C2C1,0
train_427,COc1ccc(C2Cc3cccc(O)c3C(=O)O2)cc1OC,0
train_428,COc1cnc(NS(=O)(=O)c2ccc(N)cc2)nc1,0
train_429,C=CC(O)CC,0
train_430,O=C(O)CCNC(=O)Nc1ccccc1,7
train_431,COC(=O)C(NC(=O)C(CC(=O)O)NC(=S)Nc1ccc(C#N)cc1)C(=O)OC1C2(C)CCC(C2)C1(C)C,0
train_432,CC(=O)c1cccc(NS(=O)(=O)[O-])c1.[Na+],3
train_433,O=S(=O)([O-])Nc1ccc(Br)cc1.[Na+],6
train_434,c1cnccn1,0
train_435,CC1OC(OC2C(Oc3cc(O)c(C(=O)CCc4cccc(O)c4)c(O)c3)OC(CO)C(O)C2O)C(O)C(O)C1O,6
train_436,OCC1OC(OC2OC(CO)C(O)C(O)C2O)C(O)C(O)C1O,6
train_437,CC1(O)CC(N2CCCC2)=C(N2CCCC2)C1=O,0
train_438,CCN(CCCc1ccccc1)CCCc1ccccc1.O=C(O)CC(O)(CC(=O)O)C(=O)O,0
train_439,O=S(=O)([O-])Nc1cc(C(F)(F)F)ccc1Br.[Na+],3
train_440,C=C(C)C1CC2(O)C(CC3C(=O)C(C(=O)C(C)CC)=C(O)C32O)C1(C)C,0
train_441,O=C(OC1OC(CO)C(O)C(O)C1O)c1cc(O)c(O)c(O)c1,0
train_442,CC=C1CC(C)C(C)(O)C(=O)OCC2=CCN3CCC(OC1=O)C23,0
train_443,O=C(O)C=Cc1ccc(O)c(O)c1,0
train_444,CC(C)=CCCC(C)CCO,0
train_445,O=C1NC(c2cccc([N+](=O)[O-])c2)=CCN1c1ccccc1O,1
train_446,c1ccc2ncncc2c1,0
train_447,O=S(=O)([O-])Nc1ccc(N(c2ccccc2)S(=O)(=O)[O-])cc1.[Na+].[Na+],0
train_448,CC(O)CNS(=O)(=O)[O-].[Na+],6
train_449,O=C(O)C=CC(=O)O,5
train_450,NC(CC(=O)O)C(=O)NCCOC(=O)C1CC1,6
train_451,COc1ccc(OC(=O)c2ccccc2C(=O)O)cc1,6
train_452,COc1ccc(Sc2ccccc2C(=O)O)cc1,7
train_453,CN(C)CCOC(c1ccc(Cl)cc1)c1ccccn1.O=C(O)C=CC(=O)O,0
train_454,O=S(=O)([O-])Nc1ncc(Br)cc1Br.[Na+],6
train_455,Cc1c(Cl)cccc1Nc1ncccc1C(=O)O,0
train_456,COc1ccc(CCCCc2ccccc2)cc1O,7
train_457,N#Cc1ccc(N=C(NCC(=O)O)NS(=O)(=O)Cc2ccccc2)cc1,6
train_458,COC(=O)C(NC(=O)C(N)CC(=O)O)C(=O)OC1C(C)CCCC1C,6
train_459,C=C1CCC2C(=C)C(=O)OC2C=C(C)CCC1O,0
train_460,O=[N+]([O-])c1ccc(NS(=O)(=O)[O-])nc1.[Na+],3
train_461,CC(=CCO)CCC1C(C)(O)CC(OC2OCC(O)C(O)C2O)C2C(C)(CO)CCCC12C,0
train_462,CC1(C(=O)O)CCC2(C)CCC3(C)C(=CC(=O)C4C5(C)CCC(OC6OC(C(=O)[O-])C(O)C(O)C6OC6OC(C(=O)O)C(O)C(O)C6O)C(C)(C)C5CCC43C)C2C1.[NH4+],6
train_463,CC(C)c1ccc(S(=O)(=O)C(C(=O)O)C(C)C)cc1,3
train_464,CCOC(=O)C(NC(=O)C(N)CC(=O)O)C(=O)OC1CCCCC1C,6
train_465,COc1cc(OC2OC(COC(=O)c3cc(O)c(O)c(O)c3)C(O)C(O)C2O)ccc1O,0
train_466,O=P([O-])([O-])OCC1OC(n2cnc3c(S)ncnc32)C(O)C1O.[Na+].[Na+],8
train_467,C=C1C(=O)OC2C1CCC1(C)C(O)CC(=O)C(C)C21,0
train_468,CCCC(C(=O)O)S(=O)(=O)c1ccccc1,3
train_469,NC(N)=O,0
train_470,COc1cccc2sc(NS(=O)(=O)[O-])nc12.[Na+],6
train_471,CC1(C)CCC2(C(=O)O)CCC3(C)C(=CCC4C5(C)CCC(OC6OC(C(=O)O)C(O)C(OC7OCC(O)C(O)C7O)C6O)C(C)(C)C5CCC43C)C2C1,0
train_472,CCCCNS(=O)(=O)OCCC,2
train_473,NC(Cc1ccc(O)cc1)C(=O)O,6
train_474,CC(C)c1nnc(NS(=O)(=O)[O-])s1.[Na+],6
train_475,COc1ccccc1NS(=O)(=O)[O-].[Na+],1
train_476,Cn1c(=O)c2[nH]cnc2n(C)c1=O.Cn1c(=O)c2[nH]cnc2n(C)c1=O.NCCN,0
train_477,CCC(C)C(=O)OC(C)C1(O)CCC2(O)C3CCC4CC(OC5CC(O)C(OC6CC(OC)C(OC7CC(OC)C(OC8OC(C)C(OC9OC(CO)C(OC%10OC(CO)C(O)C(O)C%10O)C(O)C9O)C(OC)C8O)C(C)O7)C(C)O6)C(C)O5)CCC4(C)C3CC(OC(C)=O)C12C,6
train_478,COc1ccc(C2OCc3ccccc3O2)cc1O,6
train_479,CC(C)c1ccccc1NS(=O)(=O)[O-].[Na+],6
train_480,O=C1OCc2cc3cccc(OC4OC(CO)C(O)C(O)C4O)c3c(O)c21,0
train_481,CCCCNc1ccc(C(=O)OCCN(C)C)cc1.Cl,0
train_482,C=CCOc1nc2c(ncn2C2OC(COP(=O)([O-])[O-])C(O)C2O)c(=O)[nH]1.[Ca+2],8
train_483,O=C(C=Cc1ccc(O)cc1)c1ccc(O)cc1O,0
train_484,CCCOC(=O)C(CO)NC(=O)C(N)CC(=O)O,6
train_485,CCC1=C(C)OS(=O)(=O)NC1=O,6
train_486,NC(CC(=O)O)C(=O)NCCOc1ccccc1,6
train_487,CC(=O)OC1CC2CCC3C(CCC4(C)C3CC([N+]3(C)CCCCC3)C4OC(C)=O)C2(C)CC1[N+]1(C)CCCCC1.[Br-].[Br-],0
train_488,Oc1cc(O)c2c(c1)OC(c1ccc(O)c(O)c1)C(O)C2,0
train_489,CCC(C)C(=O)C1=C(O)C(CC=C(C)C)=C(O)C(O)(CC=C(C)C)C1=O,0
train_490,CC(C)=CCC1C(=O)C(C(=O)CC(C)C)=C(O)C1(O)C(=O)C=CC(C)(C)O,0
train_491,CCCOC(=O)C(NC(=O)C(N)CC(=O)O)C(C)O,6
train_492,CCCCCCNC(=O)C(N)CC(=O)O,6
train_493,OCC1OC(Oc2ccc(O)cc2)C(O)C(O)C1O,0
train_494,CCCOC(=O)c1ccc(NS(=O)(=O)[O-])cc1.[Na+],7
train_495,Cc1cccc(NC(=Nc2ccc(C#N)cc2)NCC(=O)O)c1,6
train_496,O=S(=O)(O)NC1CCCCC1,6
train_497,C=C1CC23CCC4C(C)(C(=O)OC5OC(CO)C(O)C(OC6OC(CO)C(O)C(O)C6O)C5OC5OC(CO)C(O)C(O)C5O)CCCC4(C)C2CCC1(OC1OC(CO)C(O)C(OC2OC(CO)C(O)C(O)C2O)C1OC1OC(CO)C(O)C(O)C1O)C3,6
train_498,CCCCc1nnc(NS(=O)(=O)[O-])s1.[Na+],3
train_499,CC1NC(=O)C(Cc2ccc(O)cc2)NC1=O,0
train_500,CCC(C)C(=O)OC(C)C1(O)CCC2(O)C3CCC4CC(OC5CC(O)C(OC6CC(OC)C(OC7CC(OC)C(O)C(C)O7)C(C)O6)C(C)O5)CCC4(C)C3CC(OC(C)=O)C12C,7
train_501,CC1=COS(=O)(=O)NC1=O,6
train_502,O=S(=O)([O-])Nc1cc(Cl)cc(C(F)(F)F)c1.[Na+],3
train_503,CCC(=O)OC(C)C,2
train_504,CCCOC(=O)C(Cc1ccccc1)NC(=O)C(N)CC(=O)O,6
train_505,N#Cc1ccc(N=C(NCC(=O)O)NC(c2ccccc2)c2ccco2)cc1,6
train_506,Cc1csc(NS(=O)(=O)[O-])n1.[Na+],6
train_507,CCCCCC=CCC=CCC=CCC=CCCCC(=O)O,1
train_508,CCOC(=O)C=Cc1ccc(O[Si](C)(C)C)c(O[Si](C)(C)C)c1,0
train_509,CCC(CO)NC(=O)C1C=C2c3cccc4[nH]cc(c34)CC2N(C)C1.O=C(O)C=CC(=O)O,0
train_510,COCCC=C(C)C=NO,0
train_511,O=C(O)c1ccccc1C(=O)Nc1ccc(S(=O)(=O)Nc2nccs2)cc1,0
train_512,OCC1OC(OC2(CF)OC(CF)C(O)C2O)C(O)C(O)C1F,6
train_513,COc1ccc(C2COc3ccccc3O2)cc1O,6
train_514,O=C(C=Cc1ccc(O)c(O)c1)OC1CC2(O)CC(O)C1OC2=O,0
train_515,CN(C(=Nc1ccc(C#N)cc1)NCC(=O)O)C1CCCCCCC1,6
train_516,O=c1cc(-c2ccc(O)cc2)oc2cc(O)cc(O)c12,0
train_517,C=C1CC23CCC4C(C)(C(=O)OC5OC(CO)C(O)C(O)C5O)CCCC4(C)C2CCC1(OC1OC(CO)C(O)C(OC2OC(CO)C(O)C(O)C2O)C1OC1OC(COC2OC(CO)C(O)C(O)C2O)C(O)C(O)C1O)C3,6
train_518,COc1cc2c(cc1OC)C1c3ccc(OC)c(O)c3OCC1(O)C2,7
train_519,CCC(C)C(=O)OC(C)C1(O)CCC2(O)C3CCC4CC(OC5CC(O)C(OC6CC(OC)C(OC7OC(C)C(OC8OC(CO)C(O)C(O)C8O)C(OC)C7O)C(C)O6)C(C)O5)CCC4(C)C3CC(OC(C)=O)C12C,6
train_520,O=c1nc[nH]c2nc[nH]c12,0
train_521,CCC(C)C(=O)OC(C)C1(O)CCC2(O)C3CCC4CC(OC5CC(O)C(OC6CC(OC)C(OC7CC(OC)C(OC8CC(OC)C(OC9OC(C)C(O)C(OC)C9O)C(C)O8)C(C)O7)C(C)O6)C(C)O5)CCC4(C)C3CC(OC(C)=O)C12C,6
train_522,CCCOc1ccc(N)cc1[N+](=O)[O-],7
train_523,O=S(=O)([O-])NC1CCCCCCC1.[Na+],6
train_524,COc1ccc(C2OCc3ccccc3S2)c(CC=Cc2ccc([N+](=O)[O-])cc2)c1O,7
train_525,CC1OC(OC2(CO)OC(CO)C(O)C2O)C(O)C(O)C1O,6
train_526,COC(=O)c1ccc(C(=O)NC2CC(C)CCC2C(C)C)cc1,8
train_527,COC(=O)C(CCCCN)NC(=O)C(N)CC(=O)O,0
train_528,CCN(CCO)c1ccc(NS(=O)(=O)[O-])cc1.[Na+],7
train_529,CC(C)Cc1csc(NS(=O)(=O)[O-])n1.[Na+],6
train_530,CC(Cc1ccccc1)c1nnc(NS(=O)(=O)[O-])s1.[Na+],3
train_531,N#Cc1ccccc1NS(=O)(=O)[O-].[Na+],3
train_532,CC1=CCC(C(C)C)=CC1,0
train_533,O=C1c2ccccc2S(=O)(=O)N1CCBr,7
train_534,N#Cc1ccc(Br)c(N)c1,6
train_535,O=C(O)CNC(=Nc1cc(Cl)cc(Cl)c1)NCc1ccccc1,6
train_536,Cl.O=C(Cn1c(=O)sc2ccc(Cl)cc21)N1CCN(CCO)CC1,0
train_537,O=C1NS(=O)(=O)c2cc([N+](=O)[O-])ccc21,0
train_538,COc1cc(C=CC(=O)Nc2ccc(O)cc2C(=O)O)ccc1O,0
train_539,COc1ccc(NS(=O)(=O)[O-])cc1OC.[Na+],1
train_540,C=C(C(=O)O)C1C(O)C=C(C)C2(O)CC=C(C)C2C1O,0
train_541,Cc1nc(NS(=O)(=O)[O-])sc1C.[Na+],6
train_542,CCC1OC(=O)C(C)C(OC2CC(C)(OC)C(O)C(C)O2)C(C)C(OC2OC(C)CC(N(C)C)C2O)C(C)(OC)CC(C)C(=O)C(C)C(O)C1(C)O,0
train_543,CC(NC(=Nc1cc(Cl)c(Cl)c(Cl)c1)NCC(=O)O)c1ccccc1,6
train_544,CCN(CC)CCOCCOC(=O)C(CC)(CC)c1ccccc1,0
train_545,CCOC1CC=C(C=NO)CC1,6
train_546,CSc1ccc(C2CSc3cc(O)ccc3O2)cc1O,7
train_547,CC(Cc1ccc2c(c1)OCO2)NC(=O)C(N)CC(=O)O,0
train_548,O=C(O)c1ccccc1C(=O)c1ccc([N+](=O)[O-])cc1,0
train_549,CC(C(=O)[O-])[n+]1cc(O)ccc1CO,8
train_550,CC1CC2C3CCC4=CC(=O)C=CC4(C)C3(F)C(O)CC2(C)C1(O)C(=O)CO,0
train_551,CCCC(CCC)C(N)=O,0
train_552,O=Cc1ccccc1,0
train_553,CC(C)c1cccc(C(C)C)c1NS(=O)(=O)[O-].[Na+],0
train_554,O=S(=O)([O-])Nc1ccc2nc(S)sc2c1.[Na+],2
train_555,CC(C)C1CCC(C)C2C(C(=O)NC3CCCC3)C12,8
train_556,N#CCCNC(=O)Nc1ccc([N+](=O)[O-])cc1,7
train_557,OCC1OC(OC2(CO)OC(CCl)C(O)C2O)C(O)C(O)C1Cl,6
train_558,CC=CCSc1nc2c(ncn2C2OC(COP(=O)([O-])[O-])C(O)C2O)c(=O)[nH]1.[Na+].[Na+],8
train_559,CC1CCC2(NC1)OC1CC3C4CCC5CC(OC6OC(CO)C(OC7OC(CO)C(O)C(OC8OCC(O)C(O)C8O)C7OC7OC(CO)C(O)C(O)C7O)C(O)C6O)CCC5(C)C4CCC3(C)C1C2C,0
train_560,CC1=CC(=O)[N-]S(=O)(=O)O1.COC(=O)C(Cc1ccccc1)NC(=O)C([NH3+])CC(=O)O,6
train_561,COc1cc(C(=O)OCC(C#N)=CCOC2OC(CO)C(O)C(O)C2O)ccc1O,1
train_562,COC1=CC(=O)C(CC=C(C)C)(CC=C(C)C)C(=O)C1=C(O)C=Cc1ccc(O)cc1,0
train_563,CCOC(=O)Cc1ccccc1,2
train_564,COc1ccc(CC(CO)c2ccccc2)cc1O,0
train_565,COc1ccc(Cc2nccc3cc(OC)c(OC)cc23)cc1OC,0
train_566,CC(C(=O)O)C1CCC(C23C=CC(O)C(C)(C)C2C(=O)OC3)C(C(=O)O)C1,0
train_567,CC(NC(=O)C(N)CC(=O)O)C(=O)NC1CCCCC1,6
train_568,Cc1cc(Br)cnc1NS(=O)(=O)[O-].[Na+],3
train_569,COC(=O)C1OC(OC2CCC34CC35CCC3(C)C(C(C)C6CC=C(C)C(=O)O6)CCC3(C)C5CCC4C2(C)C(=O)O)C(OC2OC(CO)C(O)C(O)C2O)C(O)C1O,6
train_570,O=C(OC1Cc2c(O)cc(O)cc2OC1c1ccc(O)c(O)c1)c1cc(O)c(O)c(O)c1,0
train_571,COC(=O)C(CO)NC(=O)C(N)CC(=O)O,6
train_572,CCCC(=O)OCC(NC(=O)C(N)CC(=O)O)C(C)C,6
train_573,NC(=NCCCCCCN=C(N)N=C(N)Nc1ccc(Cl)cc1)N=C(N)Nc1ccc(Cl)cc1,0
train_574,CCC1(CC)C(=O)NC(=O)NC1=O,0
train_575,N#Cc1ccc(NC(=O)NC(CC(=O)O)c2cccc(O)c2)cc1,6
train_576,COC(C)C1CCC=C(C=NO)C1,0
train_577,CNC(CC(C)C)C(=O)NC1C(=O)NC(CC(N)=O)C(=O)NC2C(=O)NC3C(=O)NC(C(=O)NC(C(=O)O)c4cc(O)cc(O)c4-c4cc3ccc4O)C(O)c3ccc(c(Cl)c3)Oc3cc2cc(c3OC2OC(CO)C(O)C(O)C2OC2CC(C)(N)C(O)C(C)O2)Oc2ccc(cc2Cl)C1O,0
train_578,CCOC(=O)C(NC(=O)C(N)CC(=O)O)C(=O)OC1CCCC1,6
train_579,CCNC(=O)Oc1cc(C2OCc3ccccc3S2)ccc1OC,7
train_580,CCCC(C)OC(=O)CCNC(=O)C(N)CC(=O)O,6
train_581,CCOC(=O)C1(c2ccccc2)CCN(C)CC1.Cl,0
train_582,CC(NC(=O)C(CC(=O)O)NC(=O)Nc1ccc(C#N)cc1)C(=O)NC(C1CC1)C1CC1,6
train_583,NC(CCC(=O)O)C(=O)NC(Cc1ccc(O)cc1)C(=O)O,0
train_584,CC(NC(=Nc1cccc(C(F)(F)F)c1)NCC(=O)O)c1ccccc1,6
train_585,O=C(C=Cc1ccccc1O)c1ccc(O)cc1O,0
train_586,CCOC(=O)CC(O)(CC(=O)OCC)C(=O)OCC,0
train_587,NC(CC(=O)O)C(=O)NC(Cc1ccccc1)C(=O)OC1CCCCC1,7
train_588,CC1OC(OC2C(OC3CCC4(C)C(=CCC5C4CCC4(C)C5CC5OC6(CCC(C)(COC7OC(CO)C(O)C(O)C7O)O6)C(C)C54)C3)OC(CO)C(OC3OC(CO)C(O)C(O)C3O)C2O)C(O)C(O)C1O,0
train_589,CC(COC(=O)C1CCCC1)NC(=O)C(N)CC(=O)O,6
train_590,COc1ccc2ccc(=O)oc2c1CC1OC1(C)C,0
train_591,Cc1ncc(C[n+]2csc(CCO)c2C)c(N)n1.Cl.[Cl-],0
train_592,OCCc1ccccc1,0
train_593,CC(NC(=Nc1cccc(Cl)c1)NCC(=O)O)c1ccccc1,6
train_594,NC(=O)Nc1ccc(CCc2ccccc2)cc1,7
train_595,CC(=O)OCC(C)NC(=O)C(N)CC(=O)O,6
train_596,O=C(O)Cc1cn(C2OC(CO)C(O)C(O)C2O)c2ccccc12,1
train_597,NC(CC(O)(Cc1c[nH]c2ccccc12)C(=O)O)C(=O)O,6
train_598,CCCCCCCCCCCCCCCCCC(=O)OCC(O)CO,0
train_599,O=c1c(OC2OC(CO)C(O)C(O)C2O)c(-c2ccc(O)cc2)oc2cc(O)cc(O)c12,0
train_600,Oc1cccc(C2OCc3ccccc3S2)c1,6
train_601,COC(=O)C=Cc1ccc(O)cc1,0
train_602,CCC1(CC)C(=O)N=C([O-])NC1=O.[Na+],0
train_603,CC(O)C1NC(=O)C2CCCN2C1=O,0
train_604,N#Cc1ccc(N=C(NCCc2ccccc2)NCC(=O)O)cc1,6
train_605,COc1ccc(CNCC(C)(C)C)cc1O,7
train_606,CCC(CC(=O)OC1CCCCC1)NC(=O)C(N)CC(=O)O,3
train_607,CC[N+](C)(CC)CCOC(=O)C1c2ccccc2Oc2ccccc21.[Br-],0
train_608,Cn1nnnc1NC(=Nc1ccc(C#N)cc1)NC1CCCCC1,6
train_609,CC(NC(=O)C(N)CC(=O)O)C(=O)NC(C)(C1CC1)C1CC1,6
train_610,COC(=O)C1C(OC(=O)c2ccccc2)CC2CCC1N2C,0
train_611,CCN(CC)C1=NS(=O)(=O)c2cc([N+](=O)[O-])ccc21,0
train_612,C=CCNC(N)=S,0
train_613,CCC(C)C(=O)c1c(O)cc(O)cc1OC1OC(CO)C(O)C(O)C1O,0
train_614,O=C1OC(c2ccc(O)c(O)c2)Cc2cccc(O)c21,7
train_615,COCC(O)CC(C)CCc1ccccc1,0
train_616,CCC(=O)C(CC(C)N(C)C)(c1ccccc1)c1ccccc1.Cl,0
train_617,C=C1CC23CCC4C(C)(C(=O)O)CCCC4(C)C2CCC1(OC1OC(CO)C(O)C(O)C1OC1OC(CO)C(O)C(O)C1O)C3,6
train_618,CC(CCC(=O)O)C1CCC2C3C(=O)CC4CC(=O)CCC4(C)C3CC(=O)C12C,0
train_619,COc1ccc([N+](=O)[O-])cc1N,6
train_620,CC(C)CCC(C)NC(=O)C(N)CC(=O)O,6
train_621,CC(=NO)C1=CCCCC1,3
train_622,CC(C)=CCC1C(O)=C(C(=O)CC(C)C)C(=O)C1O,0
train_623,CCCCOc1ccc([N+](=O)[O-])cc1N,6
train_624,OCC1OC(OC2C(CO)OC(OC3C(CO)OC(O)C(O)C3O)C(O)C2O)C(O)C(O)C1O,6
train_625,O=C(CCc1ccc(O)cc1)c1c(O)cc(OC2OC(CO)C(O)C(O)C2O)cc1O,6
train_626,CC(=O)OCC(NC(=O)C(N)CC(=O)O)C(C)O,6
train_627,COc1ccc(Oc2ccccc2C(=O)O)cc1,7
train_628,CCC(COC(=O)C(C)C)NC(=O)C(N)CC(=O)O,6
train_629,CC1(C)OC(=O)C=CC2(C)C1CC(=O)C1(C)C2CCC2(C)C(c3ccoc3)OC(=O)C3OC321,0
train_630,CC(C)(C)c1cccc(NS(=O)(=O)[O-])c1.[Na+],0
train_631,COC(=O)C(NC(=O)C(N)CC(=O)O)C(=O)OC1C2(C)CCC(C2)C1(C)C,6
train_632,NC(=O)c1ccc(NC(=O)NC(CC(=O)O)c2ccccc2)cn1,6
train_633,OCC1OC(OC2(CCl)OC(CCl)C(I)C2O)C(O)C(O)C1Cl,6
train_634,Oc1cc(O)c2c(c1)OC1(c3ccc(O)c(O)c3)Oc3cc(O)c4c(c3C2C1O)OC(c1ccc(O)c(O)c1)C(O)C4,1
train_635,O=S(=O)([O-])NC1CCCCC1.[Na+],6
train_636,COc1cc(C=CC(=O)OCC[N+](C)(C)C)cc(OC)c1O,0
train_637,Cc1cnc(NS(=O)(=O)[O-])s1.[Na+],3
train_638,O=C1NS(=O)(=O)c2ccc([N+](=O)[O-])cc21,0
train_639,CCN(CC)CCCC(C)Nc1ccnc2cc(Cl)ccc12,0
train_640,O=CCc1ccccc1,0
train_641,COC(=O)C(CCCCNC(C)=O)NC(=O)C(N)CC(=O)O,6
train_642,C=C1C(=O)OC2C1CCC(=C)C1CC(O)C(=C)C12,0
train_643,COc1cc(CNC(=O)CCCCCCC(C)C)ccc1O,1
train_644,COc1cccc(C(CC(=O)O)NC(=O)Nc2ccc(C#N)cc2)c1,6
train_645,N#Cc1ccc(N=C(NCC(=O)O)NC2CCCCCCC2)cc1,6
train_646,CC(C)Oc1ccc([N+](=O)[O-])cc1N,6
train_647,O=S(=O)([O-])NC1CC2CCC1C2.[Na+],6
train_648,CCCOC(=O)C=Cc1ccco1,0
train_649,CCCCCCCC(C)N(S(=O)(=O)[O-])S(=O)(=O)[O-].[Na+].[Na+],5
train_650,O=C([O-])c1ccccc1.[Na+],0
train_651,N#Cc1ccc(N=C(NCC(=O)O)NCC2CCCCC2)cc1,6
train_652,CCOc1nc2c(ncn2C2OC(COP(=O)([O-])[O-])C(O)C2O)c(=O)[nH]1.[Na+].[Na+],8
train_653,O=C(O)C1(O)CC(O)C(O)C(O)C1,0
train_654,O=c1ccc2ccccc2o1,2
train_655,COc1ccc(C2NC(=O)c3ccccc3S2)cc1O,7
train_656,CCOc1ccccc1NS(=O)(=O)[O-].[Na+],6
train_657,CCC(C)C1=C2C(=O)C3CC(C(C)(C)O)C4(O)CC(C(C)(C)O1)C2(O)C34O,0
train_658,O=S(=O)([O-])Nc1c(F)cccc1F.[Na+],3
train_659,CC1CC(C)C(=O)C(C(O)CC2CC(=O)NC(=O)C2)C1,0
train_660,COc1cc(CNC(=O)CCCCC=CC(C)C)ccc1O,1
train_661,CCC(C)C1NC(=O)C(Cc2ccccc2)NC1=O,0
train_662,COc1cc2c(cc1O)C1COc3ccccc3C1O2,7
train_663,CN(C)CCCN(S(=O)(=O)[O-])S(=O)(=O)[O-].[Na+].[Na+],0
train_664,CCCCCC(=O)NC1CCOC1=O,0
train_665,CC1(C)CC2C3=CCC4C5(C)CCC(OC6OC(COC7OCC(O)C(O)C7O)C(O)C(O)C6OC6OC(CO)C(O)C(O)C6O)C(C)(C)C5CCC4(C)C3(C)CC(O)C23CC1OC3=O,6
train_666,CC[NH+](CC)CCOC(=O)c1ccc(N)cc1Cl.[Cl-],0
train_667,CC1=C2C(=CC1)C(C)(O)CCC1C(C)C(=O)OC21,0
train_668,C=CC(O)C#CC#CCC=CCCCCCCC,0
train_669,CCCCC(NC(=O)C(N)CC(=O)O)C(=O)OC(C)C,7
train_670,CCC(NC(=O)C(N)CC(=O)O)C(=O)OC(C)C,6
train_671,COc1ccc(CCC(=O)c2c(O)cc(OCCCP(=O)([O-])O)cc2O)cc1O.[K+],6
train_672,CCOC(=O)c1ccc(O)c(O)c1,0
train_673,CC(NC(=Nc1ccccc1)NCC(=O)O)c1ccccc1,6
train_674,O=C(O)c1ccccc1C(=O)c1ccc(O)c(O)c1,6
train_675,OCC1(O)SCC(O)C(O)C1O,6
train_676,Cc1nnc(NS(=O)(=O)[O-])nc1C.[Na+],3
train_677,COc1ccc(C2OC(=O)c3ccccc3S2)cc1O,6
train_678,CCOCCCN(S(=O)(=O)[O-])S(=O)(=O)[O-].[Na+].[Na+],5
train_679,CC(NC(=Nc1ccc(C#N)cc1)NCC(=O)O)C1CCCCC1,6
train_680,CC1=CC=CCC1,6
train_681,C=CC1CN2CCC1CC2C(O)c1ccnc2ccc(OC)cc12.C=CC1CN2CCC1CC2C(O)c1ccnc2ccc(OC)cc12.O=S(=O)(O)O,0
train_682,O=C(O)C(O)C(O)C(=O)O,5
train_683,CSc1ccc(C(=O)c2ccccc2C(=O)O)cc1,7
train_684,CCCc1sc(NS(=O)(=O)[O-])nc1C.[Na+],5
train_685,Cc1c(O)c(=O)ccn1C,0
train_686,CC(NC(=O)C(N)CC(=O)O)NC(=O)C12CC3CC(CC(C3)C1)C2,6
train_687,COc1ccc(COc2ccccc2)cc1O,6
train_688,CCC(C)C(=O)OC(C)C1(O)CCC2(O)C3CCC4CC(OC5CC(OC)C(OC6CC(OC)C(OC7OC(C)C(O)C(OC)C7O)C(C)O6)C(C)O5)CCC4(C)C3CC(OC(C)=O)C12C,7
train_689,NC(Cc1ccccc1)C(=O)NC(Cc1c[nH]c2ccccc12)C(=O)O,0
train_690,COC(=O)C(CS(C)(C)C)NC(=O)C(N)CC(=O)O,6
train_691,OCC(O)C(O)C(O)CO,6
train_692,CC(C)C1NC(=O)C2CCCN2C1=O,0
train_693,OCC1OC(OCC2OC(OCC3OC(OC4(CO)OC(CO)C(O)C4O)C(O)C(O)C3O)C(O)C(O)C2O)C(O)C(O)C1O,6
train_694,CCN(CC)c1ccc(NS(=O)(=O)[O-])cc1.[Na+],6
train_695,CCCCC(=O)OCC(CC)NC(=O)C(N)CC(=O)O,3
train_696,CCCC(CCCOC)CCc1ccccc1,0
train_697,OCC1OC(OC2(CBr)OC(CBr)C(O)C2O)C(O)C(O)C1Cl,6
train_698,COCC1CCC=C(C)C1,0
train_699,CCCOC(=O)C(C)NC(=O)C(CC(=O)O)NC(=O)Nc1ccc([N+](=O)[O-])cc1,6
train_700,CCc1ccnc(NS(=O)(=O)[O-])c1.[Na+],3
train_701,CCCC(CCC)(C(=O)O)S(=O)(=O)c1ccccc1,3
train_702,O=S(=O)([O-])NN1CCC(c2ccccc2)CC1.[Na+],3
train_703,C=CS(=O)C=C,0
train_704,CCC1CN2CCc3cc(OC)c(OC)cc3C2CC1CC1=C2C=C(OC)C(=O)C=C2CCN1,0
train_705,Nc1ccc2c(c1)S(=O)(=O)NC2=O,1
train_706,COc1cc2c(cc1O)CCC21SCc2ccccc2S1,7
train_707,CC(NC(=Nc1cccc([N+](=O)[O-])c1)NCC(=O)O)c1ccccc1,6
train_708,O=S(=O)([O-])Nc1ccc([S-])cc1.[Na+].[Na+],3
train_709,O=C(O)c1ccccc1Nc1cccc(C(F)(F)F)c1,0
train_710,O=S(=O)([O-])Nc1cccc(Br)c1.[Na+],6
train_711,COC(=O)C(NC(=O)C(CC(=O)O)NC(=O)Nc1ccc([N+](=O)[O-])cc1)C(=O)OC,6
train_712,COCC1OC(OC2(CO)OC(CO)C(O)C2O)C(O)C(O)C1O,6
train_713,O=[N+]([O-])c1ccccc1OC1OC(CO)C(O)C(O)C1O,0
train_714,CC(=O)OC1C(OC2(CCl)OC(CCl)C3OC32)OC(CO)C(Cl)C1OC(C)=O,3
train_715,NC(Cc1c[nH]c2ccccc12)C(=O)O,6
train_716,CCCC(C)C1(CC)C(=O)N=C([O-])NC1=O.[Na+],0
train_717,COc1ccc(-c2cc(=O)c3c(OC)cc(OC)cc3o2)cc1,0
train_718,COc1c2occc2cc2ccc(=O)oc12,0
train_719,COC(=O)CC(C)NC(=O)C(N)CC(=O)O,6
train_720,CC(C)=CCC12CC3C(CC(C(C)C)C3(C)C)(C(=O)C(C(=O)CC(C)C)=C1O)C2=O,0
train_721,COc1ccc(C2CC(=O)c3ccccc3O2)cc1O,7
train_722,COc1c(O)cc2c(c1O)C(=O)C(OC(C)=O)C(c1ccc(O)c(O)c1)O2,6
train_723,NC(CCC(=O)O)C(=O)[O-].[K+],8
train_724,CCCCCN(S(=O)(=O)[O-])S(=O)(=O)[O-].[Na+].[Na+],4
train_725,CCC(C)C(=O)C1=C(O)C(O)(C(=O)CC=C(C)C)C(CC=C(C)C)C1=O,0
train_726,Cc1ccc(F)cc1NS(=O)(=O)[O-].[Na+],3
train_727,NC(=O)c1ccc(NC(=O)NC(CC(=O)O)c2cccnc2)cn1,6
train_728,CCCC(NC(=O)C(N)CC(=O)O)C(=O)OC(C)C,6
train_729,COc1ccc(C2Oc3cc(O)cc(O)c3C(=O)C2OC(C)=O)cc1O,6
train_730,CCCOc1ccc(CCC(=O)c2ccccc2O)cc1O,0
train_731,CC(=O)OC1CC2CC3(C(O)C2C)C1C12COC3(O)C(O)C1C(C)(C)CCC2OC(C)=O,0
train_732,COc1ccc2c(c1)OC1(O)COc3ccccc3C21,6
train_733,CC(=O)[O-].Cn1c(=O)c2[nH]cnc2n(C)c1=O.[Na+],0
train_734,COC(=O)C(CSC(C)C)NC(=O)C(N)CC(=O)O,6
train_735,CCOc1cc(CCC(=O)c2c(O)cc(OC3OC(CO)C(O)C(O)C3OC3OC(C)C(O)C(O)C3O)cc2O)ccc1O,7
train_736,COCC1CCC=C1C=NO,0
train_737,CC(=O)OC1C(C)OC(OC2C(O)C3(C)CCC4(C)C(=CCC5C6(C)CCC(OC7OC(C(=O)O)C(O)C(O)C7OC7OC(CO)C(O)C(O)C7O)C(C)(CO)C6CCC54C)C3CC2(C)CO)C(OC(C)=O)C1OC(C)=O,6
train_738,O=S=O,0
train_739,O=S(=O)([O-])Nc1ccccc1-c1ccccc1.[Na+],0
train_740,Nc1nc2c(ncn2C2OC(COP(=O)([O-])[O-])C(O)C2O)c(=O)[nH]1.O=c1[nH]cnc2c1ncn2C1OC(COP(=O)([O-])[O-])C(O)C1O.[Ca+2].[Ca+2],8
train_741,NCCCC(NC(=O)CCN)C(=O)O,2
train_742,CCCC(=O)OCC(COC(=O)CCC)OC(=O)CCC,0
train_743,CC(C)C(COC(=O)C1CCC1)NC(=O)C(N)CC(=O)O,6
train_744,C=C(C(=O)OC1CC(C)=CCCC(CO)=CC2OC(=O)C(=C)C21)C(O)CO,0
train_745,Oc1cc(O)c2c(c1)OC(c1cc(O)c(O)c(O)c1)C(O)C2,0
train_746,O=S(=O)([O-])Nc1ccccc1N1CCOCC1.[Na+],3
train_747,CC(C)c1ccc(NS(=O)(=O)[O-])c(Br)c1.[Na+],0
train_748,O=S(=O)([O-])Nc1ccc(Cl)cc1.[Na+],3
train_749,COC(C)C1=CCC=C(C=NO)C1,0
train_750,CC(CNC(=O)C(N)CC(=O)O)C(=O)OC1CCCC1,6
train_751,Cc1ccc(Cl)cc1NS(=O)(=O)[O-].[Na+],3
train_752,COc1ccc(O)cc1,0
train_753,O=[N+]([O-])c1ccccc1NS(=O)(=O)[O-].[Na+],3
train_754,COc1ccc(CCC(=O)c2c(O)cc(OCCCS(=O)(=O)[O-])cc2O)cc1O.[K+],6
train_755,C=C(C)C1CC=C(C=NO)CC1,6
train_756,NC1(C(=O)O)CCCC1,2
train_757,CCCOC=O,2
train_758,CC(CCC1(O)OC2CC3C4CCC5CC(OC6OC(CO)C(OC7OCC(O)C(O)C7O)C(O)C6OC6OC(CO)C(O)C(O)C6O)CCC5(C)C4CCC3(C)C2C1C)COC1OC(CO)C(O)C(O)C1O,0
train_759,C=C1CC23CCC4C(C)(C(=O)OC5OC(CO)C(O)C(O)C5O)CCCC4(C)C2CCC1(OC1OC(CO)C(O)C(O)C1O)C3,6
train_760,C=C(Br)CC1(C(C)C)C(=O)NC(=O)NC1=O,0
train_761,CC(=O)OCc1ccc2c(c1)OCO2,0
train_762,CC(C1CCC2C3CCC4CC(N)CCC4(C)C3CCC21C)N(C)C,0
train_763,CN(C)CCC(c1ccc(Cl)cc1)c1ccccn1,0
train_764,Nc1cc([N+](=O)[O-])ccc1I,6
train_765,CCC(COC(=O)C1CC1)NC(=O)C(N)CC(=O)O,6
train_766,COC(=O)C(NC(=O)C(N)CC(=O)O)C(C)O,6
train_767,CCOC(=O)c1ccc(NC(=S)NC(CC(=O)O)C(=O)NC(Cc2ccccc2)C(=O)OC)cc1,6
train_768,COC(=O)CCNC(=O)Nc1ccc([N+](=O)[O-])cc1,7
train_769,COc1ccc(C(=O)C(C)=CC(=O)O)cc1,7
train_770,Cl.c1ccc(N(CCN2CCCCC2)Cc2ccccn2)cc1,0
train_771,CC(NC(=O)CC(N)C(=O)O)C(=O)NC1C(C)(C)SC1(C)C,7
train_772,COCCC1CC=C(C=NO)CC1,7
train_773,CCCCCc1csc(NS(=O)(=O)[O-])n1.[Na+],6
train_774,CCCCC(O)CC,0
train_775,O=S(=O)([O-])Nc1ccc(F)cc1.[Na+],3
train_776,COC(=O)C(CC1CCCCC1)NC(=O)C(N)CC(=O)O,6
train_777,Cc1cc(Cl)ccc1NS(=O)(=O)[O-].[Na+],2
train_778,O=S(=O)([O-])Nc1ccc(Br)cc1Br.[Na+],0
train_779,CC12CCC(=O)C=C1CCC1C2C(O)CC2(C)C1CCC2(O)C(=O)CO,0
train_780,CC(NC(=O)C(N)CC(=O)O)NC(=O)C1CCCC1,6
train_781,CCN(CC)C(=O)CSc1ccc(Cl)nn1,0
train_782,CC(NC(=O)C(N)CC(=O)O)C(=O)NC1C(C)(C)CCCC1(C)C,6
train_783,CC(C)CCCC(C)N(S(=O)(=O)[O-])S(=O)(=O)[O-].[Na+].[Na+],2
train_784,O=C([O-])CCNC(=O)Nc1ccc([N+](=O)[O-])cc1.[Na+],6
train_785,COC(=O)C(Cc1ccccc1)NC(=O)C(CC(=O)O)NC(=S)Nc1cnc(C#N)nc1,6
train_786,O=S(=O)([O-])Nc1ccc(Br)cn1.[Na+],3
train_787,COCCNS(=O)(=O)[O-].[Na+],3
train_788,CCCCCC(C)C(C)NC(=O)C(N)CC(=O)O,6
train_789,COc1ccc(-c2cc3cccc(O)c3c(=O)o2)cc1O,7
train_790,Cn1c(N)nc2c(ncn2C2OC(COP(=O)([O-])[O-])C(O)C2O)c1=O.[Na+].[Na+],8
train_791,O=C(O)CNC(=Nc1cc(Cl)cc(Cl)c1)Nc1cccc2ccccc12,6
train_792,CCCCCCCCCC(=O)OCC(O)CO,0
train_793,CC1C(=O)C2CC1CCC2C12CCC(=O)C(C)(C)C1C(=O)OC2,7
train_794,OCC1OC(OC2(CCl)OC(CCl)C(F)C2O)C(O)C(O)C1Cl,6
train_795,CCCCCC=CCC=CCCCCCC=CC(=O)CC(O)COC(C)=O,0
train_796,O=C(O)c1ccccc1C(=O)c1ccc(Cl)cc1,6
train_797,O=C(O)c1cc2ccccc2o1,0
train_798,CNCC(O)c1cccc(O)c1.Cl,0
train_799,O=S(=O)([O-])NC1CCCCCC1.[Na+],6
train_800,COC(=O)C(C)NC(=O)C(CC(=O)O)NC(=O)Nc1ccc([N+](=O)[O-])cc1,6
train_801,CCOc1ccc(CCc2ccccc2)cc1O,6
train_802,N#Cc1ccc(NC(=O)NC(CC(=O)O)c2ccc([N+](=O)[O-])cc2)cc1,6
train_803,CC(C)C1C(=O)OCC1(CC(=O)O)C1CCC(C(C)C(=O)O)CC1C(=O)O,7
train_804,COC(=O)C(NC(=O)C(N)CC(=O)O)C(=O)OC1CC2CCC1(C)C2(C)C,6
train_805,CC1=CCC(C(C)(C)OC=O)CC1,0
train_806,CCC(CO)NS(=O)(=O)[O-].[Na+],3
train_807,COc1cc(C=CC(=O)Nc2ccccc2C(=O)O)cc(OC)c1O,0
train_808,CC(C)OC(=O)c1ccc(NS(=O)(=O)[O-])cc1.[Na+],6
train_809,CC(NC(=O)C(N)CC(=O)O)C(=O)NC1C(C)(C)CCC1(C)C,6
train_810,O=S(=O)([O-])NC1CCCSCC1.[Na+],6
train_811,O=C(Oc1ccccc1C(=O)O)c1ccccc1O,0
train_812,CNC(C)Cc1ccccc1.Cl,0
train_813,COc1ccc(C2(C)COc3ccccc3O2)cc1O,7
train_814,CC(CCC(=O)O)C1CCC2C3C(O)CC4CC(O)CCC4(C)C3CCC12C,0
train_815,CC(O)(CO)C1CC=C(C=NO)CC1,0
train_816,Nc1cc(Cl)ccc1C(=O)CC(N)C(=O)O,6
train_817,CC1CC(NS(=O)(=O)[O-])CS1.[Na+],6
train_818,CCCCOC(=O)CCNC(=O)C(N)CC(=O)O,3
train_819,CC1OC(OC2C(Oc3cc(O)c4c(c3)OC(c3ccc(O)cc3)CC4=O)OC(CO)C(O)C2O)C(O)C(O)C1O,0
train_820,C=CCSc1nc2c(ncn2C2OC(COP(=O)(O)O)C(O)C2O)c(=O)[nH]1,8
train_821,CC1CCC(C(C)C)C2(C1)OCC(CO)O2,1
train_822,O=c1ccc2ccc(O)cc2o1,0
train_823,COC(=O)C1=COC(OC2OC(CO)C(O)C(O)C2O)C2C(C)CC(=O)C12,0
train_824,OCCN(CCO)c1nc(N2CCCCC2)c2nc(N(CCO)CCO)nc(N3CCCCC3)c2n1,0
train_825,COc1ccccc1OCC(O)CO,0
train_826,NC(CC(=O)O)C(=O)NCCOC(=O)C1CCC1,6
train_827,O=S(=O)([O-])Nc1nc(-c2ccc(Br)cc2)cs1.[Na+],1
train_828,COc1ccc(-c2cc3ccccc3c(=O)o2)cc1O,7
train_829,CCCCCCCc1[nH]c2ccccc2c(=O)c1O,0
train_830,OCC(O)C(O)C(O)C(O)COC1OC(CO)C(O)C(O)C1O,6
train_831,CC(=O)OC1C(O)C(CO)OC1(CO)OC1OC(CO)C(O)C(O)C1O,3
train_832,N#CC(=CCOC1OC(CO)C(O)C(O)C1O)COC(=O)c1ccc(O)cc1,1
train_833,CC=CC=CC=CCCC=CC(=O)NCC(C)(C)O,1
train_834,CC(C)OCC1OC(OC2(CCl)OC(CCl)C(O)C2O)C(O)C(O)C1Cl,3
train_835,O=C(O)c1cc(I)cc(I)c1O,0
train_836,CCC(C)C(NC(=O)C(N)CC(=O)O)C(=O)OC,0
train_837,CC(C)=CCC1(CC=C(C)C)C(=O)C(=O)C(C(=O)C(C)C)C1=O,0
train_838,O=S(=O)([O-])Nc1cc(C(F)(F)F)nc(C(F)(F)F)c1.[Na+],6
train_839,CC(C)C(=O)OCCCc1ccccc1,2
train_840,CCOC(=O)CC(Cc1ccccc1)NC(=O)C(N)CC(=O)O,3
train_841,CC(NC(=Nc1cnc2ccccc2c1)NCC(=O)O)c1ccccc1,6
train_842,CCc1cccc(NS(=O)(=O)[O-])c1.[Na+],6
train_843,NC(CC(=O)O)C(=O)NC(CO)COC(=O)C1CC1,6
train_844,C=C1C(=O)OC2CC(C)(CCCC(C)=O)C(=O)CC12,0
train_845,NCCCC(NC(=O)CN)C(=O)O,2
train_846,COC(=O)CNC(=O)C(N)CC(=O)O,6
train_847,CC(C)=CCC12CC3C(C)(C)CCC3(C(=O)C(C(=O)C(C)C)=C1O)C2=O,0
train_848,COC(=O)C(COC(C)=O)NC(=O)C(N)CC(=O)O,6
train_849,CC1CC2CC(=O)C3CCCN4CCCC2C34C1,0
train_850,C=CC1CC=C(C)CC1,6
train_851,COc1ccc(-c2coc3cc(O)ccc3c2=O)cc1,0
train_852,O=S(=O)([O-])Nc1cc(F)ccc1F.[Na+],1
train_853,COC1=CC(C)C2CC3OC(O)CC4C(C)=C(OC)C(=O)C(C2(C)C1=O)C34C,0
train_854,COCC(C)(O)C1CC=C(C=NO)CC1,0
train_855,CC(=O)OCC1OC(Oc2cc(O)c3c(=O)c(-c4ccc(O)cc4)coc3c2)C(O)C(O)C1O,0
train_856,OCC1SC(O)(CO)C(O)C1O,7
train_857,COC(C)C1CCC=C(C)C1,0
train_858,O=C1C=COS(=O)(=O)[N-]1.[Na+],6
train_859,O=Cc1ccc2n1CC1(CC(O)C(CO)O1)OC2,0
train_860,CCCCCC(C)NC(=O)C(N)CC(=O)O,6
train_861,CC1=CC=C(C=NO)CC1,6
train_862,OCC1OC(OC2(CBr)OC(CBr)C(Br)C2O)C(O)C(O)C1Br,6
train_863,CC(=O)OCC1OC(OC2(COC(C)=O)OC(COC(C)=O)C(OC(C)=O)C2OC(C)=O)C(OC(C)=O)C(OC(C)=O)C1OC(C)=O,0
train_864,O=C1CCCCCN1,0
train_865,O=C(O)CNC(=Nc1cc(Cl)cc(Cl)c1)Nc1cc(Cl)cc(Cl)c1,6
train_866,O=C(O)c1ccc(O)c(O)c1,2
train_867,OC1CC(O)C(O)C(O)C1O,1
train_868,CN(C)c1nc2c(ncn2C2OC(COP(=O)([O-])[O-])C(O)C2O)c(=O)[nH]1.[Na+].[Na+],8
train_869,COc1ccc(C2CC(=O)c3c(O)cc(OC4OC(CO)C(O)C(O)C4OC4OC(C)C(O)C(O)C4O)cc3O2)cc1O,0
train_870,C=C1C(=O)C23CC1CC(O)C2C1(COC(C)=O)C(CCC(C)(C)C1C=O)OC3=O,0
train_871,COc1ccc(CCc2ccc(Cl)cc2)cc1O,7
train_872,O=CC(O)C(O)C(O)CO,6
train_873,C=C(Br)CC1(C(C)CC)C(=O)NC(=O)NC1=O,0
train_874,COC(=O)CCCNC(=O)C(N)CC(=O)O,6
train_875,CC(C)CC(=O)OCCc1ccccc1,2
train_876,COc1ccc(NS(=O)(=O)[O-])c(C)c1.[Na+],0
train_877,CC(O)c1ccc(NS(=O)(=O)[O-])cc1.[Na+],0
train_878,NC(Cc1ccccc1)C(=O)NCC(=O)NC(Cc1ccccc1)C(=O)NCC(=O)O,0
train_879,O=C(C=Cc1ccc(O)c(O)c1)OC1CC(O)(C(=O)O)CC(O)C1O,0
train_880,O=c1cc(-c2ccccc2)oc2cc(O)cc(O)c12,0
train_881,O=C1NS(=O)(=O)c2ccccc21,6
train_882,COc1cc(OC)c(OC)cc1C=O,0
train_883,COc1ccc2oc(-c3ccc(O)cc3)cc(=O)c2c1,0
train_884,CCC(C)NS(=O)(=O)[O-].[Na+],3
train_885,CC(C)C(C(=O)O)S(=O)(=O)c1ccc(C(C)(C)C)cc1,3
train_886,COc1cc(C2c3c(cc(OC)c(O)c3OC)CC(CO)C2COC2OC(COC(=O)c3cc(O)c(O)c(O)c3)C(O)C(O)C2O)cc(OC)c1O,0
train_887,CCCc1cccc(NS(=O)(=O)[O-])c1.[Na+],3
train_888,NC(CCC(=O)O)C(=O)[O-].NC(CCC(=O)O)C(=O)[O-].[Mg+2],8
train_889,NC(=O)OCCCc1ccccc1,0
train_890,CC1OC(OC2C(Oc3cc(O)c(C(=O)CCc4ccc(O)cc4)c(O)c3)OC(CO)C(O)C2O)C(O)C(O)C1O,6
train_891,O=C(O)CC(OC1OC(CO)C(O)C(O)C1O)C(=O)O,8
train_892,CCN(CC)CCOC(c1ccccc1)c1ccccc1.Cl,0
train_893,CC1=CC=C(C)CC1,6
train_894,CC(C(=O)O)C1CCC(C23CCC(O)C(C)(C)C2C(=O)OC3)C(C(=O)O)C1,0
train_895,CC(O)C(=O)[O-].CC(O)C(=O)[O-].[Mg+2],0
train_896,COc1ccc(CCc2ccccc2C(=O)O)cc1O,7
train_897,CCOC(CN(S(=O)(=O)[O-])S(=O)(=O)[O-])OCC.[Na+].[Na+],0
train_898,CC(C)CCCC(C)CCO,0
train_899,O=C1NS(=O)(=O)c2cc(Cl)ccc21,2
train_900,CC(=O)OC1CC2(O)C3CCC4CC(OC(=O)CCCCCCC(=O)NC(CCCN=C(N)N)C(=O)O)CCC4(C)C3CCC2(C)C1c1ccc(=O)oc1,0
train_901,O=C(O)CNC(=Nc1cccnc1)NCc1ccccc1,6
train_902,CCCCC(NC(=O)C(N)CC(=O)O)C(=O)OCC,6
train_903,CCCc1cccc(NS(=O)(=O)[O-])n1.[Na+],6
train_904,COc1cccc(CCC(=O)c2c(O)cc(OC3OC(CO)C(O)C(O)C3OC3OC(C)C(O)C(O)C3O)cc2O)c1O,6
train_905,OCC1(OC2OC(CCl)C(Cl)C(O)C2O)OC(CCl)C(O)C1O,6
train_906,OCC1OC(OC2(CCl)OC(CCl)C(Cl)C2O)C(O)C(O)C1F,6
train_907,CNC(C)CC1CCCC1.Cl,0
train_908,CC(COC(=O)C1CCCC(C)(C)C1)NC(=O)C(N)CC(=O)O,3
train_909,N#Cc1ccc(NC(=O)NC(CC(=O)O)C2CCCCC2)cc1,2
train_910,CC(C)CC(NC(=O)C(N)CCC(N)=O)C(=O)NC(Cc1ccccc1)C(=O)NCC(=O)N1CCCC1C(=O)NC(CC(N)=O)C(=O)NC(C(=O)NC(CC(N)=O)C(=O)N1CCCC1C(=O)NC(Cc1c[nH]c2ccccc12)C(=O)NC(Cc1cnc[nH]1)C(=O)NC(CC(N)=O)C(=O)N1CCCC1C(=O)O)C(C)C,0
train_911,Cc1cccc(C)c1NC(=O)C[N+](C)(C)Cc1ccc(Cl)cc1,0
train_912,CN(C)C(=N)N=C(N)N.O=C(O)CC(O)(CC(=O)O)C(=O)O,0
train_913,C=C1CC23CCC4C(C)(C(=O)OC5OC(CO)C(O)C(O)C5O)CCCC4(C)C2CCC1(OC1OC(CO)C(O)C(OC2OC(CO)C(O)C(O)C2O)C1OC1OC(C)C(O)C(O)C1O)C3,6
train_914,CCC(C)C(=O)C1=C(O)C(O)C(CC=C(C)C)C1=O,0
train_915,O=S(=O)([O-])Nc1ccccc1[S-].[Na+].[Na+],3
train_916,OCC1OC(OC2C(CO)OC(CO)(OC3OC(CO)C(O)C(O)C3O)C2O)C(O)C(O)C1O,6
train_917,COCC1=C(C(=O)OC(C)OC(=O)OC(C)C)N2C(=O)C(NC(=O)C(=NOC)c3csc(N)n3)C2SC1,0
train_918,COc1ccc(C(=O)c2ccccc2C(=O)O)cc1O,6
train_919,CC1(C)CCCC2(C)C(C=O)C(C=O)=CCC12,1
train_920,NC(CC(=O)O)C(=O)NC(CO)Cc1ccc(O)cc1,6
train_921,CC1=CCC(C(C)C2CCC3(C)C4CCC5C(C)(C(=O)O)C(OC6OC(C(=O)O)C(O)C(O)C6OC6OC(CO)C(O)C(O)C6O)CCC56CC46CCC23C)OC1=O,6
train_922,O=P(O)(O)O.c1ccc(CN(CC2=NCCN2)c2ccccc2)cc1,0
train_923,CC(N=C(NCC(=O)O)Nc1cc(Cl)cc(Cl)c1)c1ccccc1,6
train_924,Cc1cc(NS(=O)(=O)[O-])ccc1Br.[Na+],6
train_925,COc1cc(O)c2ccoc2c1C(=O)C=Cc1ccc(O)cc1,0
train_926,O=C(CCc1ccc(O)cc1)c1c(O)cc(O)cc1OC1OC(CO)C(O)C(O)C1O,6
train_927,O=C(C=Cc1ccc(O)c(O)c1)NC(Cc1ccc(O)c(O)c1)C(=O)O,1
train_928,CCCCOC(=O)CCC(C)=O,0
train_929,CNCC(C)C1CCCCC1.Cl,0
train_930,CCCC(CC)NC(=O)C(N)CC(=O)O,0
train_931,Cc1ccccc1CN1CCN(CCOC(c2ccccc2)c2ccccc2Cl)CC1.Cl.Cl,0
train_932,OC1COC(O)C(O)C1O,6
train_933,O=S(=O)([O-])Nc1cccc2c1CCC2.[Na+],6
train_934,COc1ccc(S(=O)(=O)C2(C(=O)O)CCCC2)cc1,3
train_935,COc1ccc2c(c1)c1c3n2CCN(C)C3=NCC1.Cl,0
train_936,C=C(C)CCCC(C)CCOC(C)=O,0
train_937,O=[N+]([O-])c1ccccc1-c1csc(NS(=O)(=O)[O-])n1.[Na+],3
train_938,N#Cc1ccc(NC(=O)NC(CC(=O)O)c2ccc3c(c2)OCO3)cc1,6
train_939,CCCNS(=O)(=O)OCCC,2
train_940,C1CCNC1,0
train_941,NC(CCC(=O)O)C(=O)NC(Cc1c[nH]c2ccccc12)C(=O)O,0
train_942,CC(C(=O)O)C1CCC(C23CCC(=O)C(C)(C)C2C(=O)OC3)C(C(=O)O)C1,0
train_943,O=S(=O)([O-])Nc1cc(C(F)(F)F)ccn1.[Na+],3
train_944,O=C(CO)C(O)C(O)C(O)CO.O=CC(O)C(O)C(O)C(O)CO,6
train_945,CCOC(=O)c1ccc(NC(=O)NC(CC(=O)O)C(=O)NC(Cc2ccccc2)C(=O)OC)cc1,6
train_946,C=CCC1(C2C=CCC2)C(=O)NC(=O)NC1=O,0
train_947,N#Cc1ccc(NC(=O)NC2(CC(=O)O)CCCCCC2)cc1,2
train_948,CC(C)C(C)(C(=O)O)S(=O)(=O)c1ccccc1,6
train_949,O=S(=O)([O-])Nc1ccc(C(F)(F)F)cc1Cl.[Na+],3
train_950,NCCCC(N)C(=O)NCC(=O)O,2
train_951,O=C(C=Cc1ccc(O)cc1)Nc1ccc(O)cc1C(=O)O,0
train_952,O=C(O)C1CCC(=O)N1CC1(O)OCC(O)C(O)C1O,8
train_953,O=C1NS(=O)(=O)c2cc(I)ccc21,0
train_954,CCNc1ccccc1NS(=O)(=O)[O-].[Na+],6
train_955,O=S(=O)([O-])N(CCN1CCOCC1)S(=O)(=O)[O-].[Na+].[Na+],0
train_956,Cc1cc([N+](=O)[O-])ccc1NS(=O)(=O)[O-].[Na+],0
train_957,CCSc1nnc(NS(=O)(=O)[O-])s1.[Na+],6
train_958,NC(CCC(=O)O)C(=O)[O-].[NH4+],8
train_959,COC(=O)c1ccc(CCc2ccc(OC)c(O)c2)cc1,7
train_960,CC(CCC(OC1OC(CO)C(O)C(O)C1O)C(C)(C)O)C1CCC2(C)C3CC=C4C(CCC(OC5OC(CO)C(O)C(O)C5O)C4(C)C)C3(C)C(O)CC12C,6
train_961,C=CC1CN2CCC1CC2C(O)c1ccnc2ccc(OC)cc12,0
train_962,CC(=O)C(C)(O)O,6
train_963,CCCCC(NC(=O)C(CC(=O)O)NC(=O)Nc1ccc([N+](=O)[O-])cc1)C(=O)OC,6
train_964,OCC1OC(OC2(CCl)OC(CCl)C(O)C2O)C(O)C(O)C1Cl,6
train_965,ON=CC1=CCOCC1,0
train_966,O=S(=O)([O-])c1cc2c(nc(-c3ccccc3)n2Nc2ccccc2)c2ccccc12,7
train_967,COc1ccc(C2Oc3ccccc3OC2C)cc1O,7
train_968,O=C(O)C1(S(=O)(=O)c2ccccc2)CCC1,3
train_969,CCC(=O)OCC=C(C)CCC=C(C)C,0
train_970,CCC(C)C(=O)C1=C(O)C2(CC=C(C)C)CC3C(CC(C(C)C)C3(C)C)(C1=O)C2=O,0
train_971,CCC(C)C(=O)C1=C(O)C(O)(CC=C(C)C)C(O)(C(=O)CC=C(C)C)C1=O,0
train_972,O=c1c(O)c(-c2ccc(O)c(O)c2)oc2c(O)c(O)cc(O)c12,0
train_973,C=COc1ccc([N+](=O)[O-])cc1N,6
train_974,O=c1c(O)c(-c2ccc(O)cc2)oc2cc(O)ccc12,0
train_975,COc1cc([N+](=O)[O-])ccc1NS(=O)(=O)[O-].[Na+],3
train_976,Cl.OC(c1ccccc1)(c1ccccc1)C1CCCCN1,0
train_977,Cc1ccccc1OCC(O)CO,0
train_978,COc1ccc(C2OCCc3ccccc3O2)cc1O,7
train_979,NC(CSSCC(N)C(=O)O)C(=O)O,7
train_980,CCOC(=O)C(C)NC(=O)C(CC(=O)O)NC(=O)Nc1ccc([N+](=O)[O-])cc1,6
train_981,COc1ccc(C2CSc3cc(O)ccc3O2)cc1O,6
train_982,CCC1=CC(=O)[N-]S(=O)(=O)O1.[Na+],6
train_983,C=C1CC23CCC4C(C)(C(=O)OC5OC(CO)C(O)C(OC6OC(CO)C(O)C(O)C6O)C5OC5OC(C)C(O)C(O)C5O)CCCC4(C)C2CCC1(OC1OC(CO)C(O)C(OC2OC(CO)C(O)C(O)C2O)C1OC1OC(CO)C(O)C(O)C1O)C3,6
train_984,O=CO,5
train_985,CCOC(=O)C(NC(=O)C(CC(=O)O)NC(=O)Nc1ccc([N+](=O)[O-])cc1)C(=O)OCC,6
train_986,O=C1CC2OCC=C3C[N+]4([O-])CCC56c7ccccc7N1C5C2C3CC64,0
train_987,CC(=O)Oc1ccccc1C(=O)O,0
train_988,CC1=C(C)CC(C(=O)O)(S(=O)(=O)c2ccccc2)C(C)C1,6
train_989,CNS(=O)(=O)[O-].[Na+],3
train_990,O=c1c(O)c(-c2ccc(O)c(O)c2)oc2cc(O)cc(O)c12,0
train_991,CC(C)(C)C(C(=O)O)S(=O)(=O)CCc1ccccc1,6
train_992,C#CCCCCCCCCCCCC(O)CC(O)COC(C)=O,0
train_993,Cc1cccc(C)c1NC(=O)C[N+](C)(C)CCCc1ccc(Cl)cc1,0
train_994,C=C1CC23CCC4C(C)(C(=O)OC5OC(COC6OC(CO)C(O)C(O)C6O)C(O)C(O)C5O)CCCC4(C)C2CCC1(OC1OC(CO)C(O)C(O)C1OC1OC(CO)C(O)C(O)C1O)C3,6
train_995,CCN(CC)CC(C)(C)COC(=O)C(CO)c1ccccc1.O=P(O)(O)O,0
train_996,COc1ccc(-c2coc3cc(O)cc(O)c3c2=O)cc1,0
train_997,CC12CCC3C(CCC4CC(O)CCC43C)C1CCC2=O,0
train_998,O=Cc1ccc2c(c1)OCO2,2
train_999,N#Cc1nc[nH]c1NS(=O)(=O)[O-].[Na+],3
train_1000,O=C(O)C1(S(=O)(=O)c2ccccc2)CC=CCC1,3
train_1001,Nc1cc([N+](=O)[O-])ccc1O,6
train_1002,CC1=CCOCC1,0
train_1003,O=C(O)C(C(=O)c1ccccc1)S(=O)(=O)c1ccccc1,3
train_1004,COc1ccc(CCC(=O)c2ccccc2)cc1O,5
train_1005,CCCCCCCCC=CCCCCCCCC(=O)O,2
train_1006,COc1cc(O)c2c(=O)cc(-c3ccc(O)cc3)oc2c1,0
train_1007,COCC1OC(OC2(CO)OC(CO)C(O)C2O)C(O)C(O)C1OC,6
train_1008,Cc1cc(OCCOCC[N+](C)(C)Cc2ccccc2)ccc1C(C)(C)CC(C)(C)C.[Cl-],0
train_1009,CCCC(=O)CC(=O)NC1CCOC1=O,0
train_1010,CCOCCC(C)NC(=O)C(N)CC(=O)O,6
train_1011,O=C(O)c1ccc([N+](=O)[O-])c([N+](=O)[O-])c1,0
train_1012,N#Cc1ccc(N=C(NCC(=O)O)NC2CCCCCCCC2)cc1,6
train_1013,O=C1CC(c2ccc(OC3OC(CO)C(O)C(O)C3O)cc2)Oc2cc(O)ccc21,6
train_1014,CCc1cccc(C(C)C)c1NS(=O)(=O)[O-].[Na+],3
train_1015,CC(CCC(=O)NCCS(=O)(=O)O)C1CCC2C3C(O)CC4CC(O)CCC4(C)C3CC(O)C12C,0
train_1016,CN(C)CCNS(=O)(=O)[O-].[Na+],3
train_1017,Cc1ccc(S(=O)(=O)C(C(=O)O)C(C)C)cc1,6
train_1018,[Br-].[Li+],0
train_1019,O=C(O)CC(NC(=O)Nc1ccc(C[N+](=O)[O-])cc1)c1ccccc1,7
train_1020,O=S(=O)([O-])Nc1cccc(OCc2ccccc2)c1.[Na+],0
train_1021,CCc1cccc(C(C)CC)c1NS(=O)(=O)[O-].[Na+],3
train_1022,CC(NC(=O)C(N)CC(=O)O)NC(=O)C1CC2CCC1C2,6
train_1023,N#Cc1ccc(NC(=O)NC(CC(=O)O)c2ccncc2)cc1,6
train_1024,c1c[nH]cn1,0
train_1025,COC(=O)C(CCCNC(C)=O)NC(=O)C(N)CC(=O)O,6
train_1026,CCNC(=O)C1CC(C)CCC1C(C)C,1
train_1027,COC1OC(CO)C(O)C(O)C1O,6
train_1028,CCC(O)CO,6
train_1029,COc1ccc(C2CSc3ccccc3O2)cc1O,6
train_1030,Nc1cc(C(=O)O)ccc1Cl,0
train_1031,C=C1C(=O)C23C(O)C1CCC2C12COC3(O)C(O)C1C(C)(C)CCC2O,0
train_1032,CC=C(C)C=NO,6
train_1033,CC(C)CCNS(=O)(=O)[O-].[Na+],6
train_1034,CCn1cc(C(=O)O)c(=O)c2cc(F)c(N3CCNCC3)nc21,0
train_1035,CC[N+](CC)(CC(=O)Nc1c(C)cccc1C)Cc1ccccc1.[Cl-],0
train_1036,O=S(=O)([O-])NC1CCCCSC1.[Na+],6
train_1037,COC(=O)C(Cc1ccccc1)NC(=O)C(CC(=O)O)NCCCc1ccc(OC)c(O)c1,6
train_1038,COCC1CC=C(C)CC1,6
train_1039,Oc1cccc(O)c1,6
train_1040,Cc1cccc(C)c1NC(=O)C[N+](C)(C)CCBr,0
train_1041,CN1CC(=O)N=C1N,0
train_1042,CCOc1ccc(NS(=O)(=O)[O-])cc1.[Na+],1
train_1043,CC[N+](CC)(CC)CC.[OH-],0
train_1044,CCCCCc1nnc(NS(=O)(=O)[O-])s1.[Na+],3
train_1045,CN(C)C(=O)Oc1ccc[n+](C)c1.[Br-],0
train_1046,O=C(C=CCCc1ccc2c(c1)OCO2)N1CCCCC1,1
train_1047,O=C(O)CCC(NC(=O)C1CCCN1C(=O)C1CCC(=O)N1)C(=O)O,8
train_1048,COc1ccc(CCCc2ccccc2)cc1O,6
train_1049,CCC(C)C(C)NS(=O)(=O)[O-].[Na+],3
train_1050,CCC(=O)OC(Cc1ccccc1)(c1ccccc1)C(C)CN(C)C.Cl,0
train_1051,O=C(O)CCNC(=O)Nc1ccc(C(=O)O)cc1,7
train_1052,O=C(CCc1ccc(O)c(O)c1)NCCCCNCCCNC(=O)CCc1ccc(O)c(O)c1,0
train_1053,CCC(C)C1NC(=O)C(C)NC1=O,0
train_1054,CC(=O)OCC(CO)NC(=O)C(N)CC(=O)O,6
train_1055,COc1ccc(CCC2CCCCC2)cc1O,6
train_1056,CC(C)c1ccc(C=NO)cc1,0
train_1057,COCC(C)(OC)C1CC=C(C)CC1,0
train_1058,O=c1[nH]c(SCc2ccco2)nc2c1ncn2C1OC(COP(=O)([O-])[O-])C(O)C1O.[Na+].[Na+],8
train_1059,CCCc1ccccc1NS(=O)(=O)[O-].[Na+],6
train_1060,CCC(C)C(=O)C1=C(O)C2(O)C(CC3C(C)(C)C(C(C)(C)O)CC32O)C1=O,0
train_1061,COC(=O)C(COC(=O)C(C)(C)C)NC(=O)C(N)CC(=O)O,6
train_1062,C1CCN2CC3CC(CN4CCCCC34)C2C1,0
train_1063,COc1ccc(C2Cc3cccc(OC(C)=O)c3C(=O)O2)cc1OC(C)=O,6
train_1064,O=S(=O)([O-])NC1CCCSCCC1.[Na+],6
train_1065,O=c1[nH]c(SCC2CCCO2)nc2c1ncn2C1OC(COP(=O)([O-])[O-])C(O)C1O.[Na+].[Na+],8
train_1066,COc1ccc(C2CC(=O)c3c(O)cccc3O2)cc1O,6
train_1067,N#Cc1ccc(NC(=O)NC(CC(=O)O)C2CCCCCCC2)cc1,2
train_1068,O=c1c(O)c(-c2ccc(O)c(O)c2)oc2cc(O)c(O)c(O)c12,0
train_1069,COCC1(OC2OC(CO)C(O)C(O)C2O)OC(CO)C(O)C1O,6
train_1070,CC[N+](C)(C)c1cccc(O)c1.[Br-],0
train_1071,CC(C)=CCC(=O)C1(O)C(O)=C(C(=O)CC(C)C)C(=O)C1CC=C(C)C,0
train_1072,COC(=O)C(NC(=O)C(CC(=O)O)NC(=O)Nc1ccc(C#N)cc1)C(F)(F)F,6
train_1073,Nc1ncnc2c1ncn2C1OC(COP(=O)(O)O)C(O)C1O,8
train_1074,NC(=O)CC1NC(=O)C(Cc2ccccc2)NC1=O,0
train_1075,CC1CC2OC(=O)C3(C)CCCC(C)(C23)C1(O)CCc1ccoc1,0
train_1076,CC1(C(=O)O)C=C2C3CCC4C5(C=O)CCC(OC6OC(C(=O)O)C(O)C(O)C6OC6OC(C(=O)O)C(O)C(O)C6O)C(C)(C)C5CCC4(C)C3(C)CCC2(C)CC1,6
train_1077,CCOc1ccccc1NC(N)=O,7
train_1078,NC1CCCCC1,0
train_1079,CC1CCC(C(=O)O)(S(=O)(=O)c2ccccc2)CC1C,6
train_1080,CC12C=CC(=O)C=C1CCC1C2C(O)CC2(C)C1CCC2(O)C(=O)CO,0
train_1081,O=C([O-])c1cccc(NS(=O)(=O)[O-])c1.[Na+],7
train_1082,CC(C)C1NC(=O)C(C(C)C)NC1=O,0
train_1083,CCCCNS(=O)(=O)OCC,2
train_1084,C=CCC1(c2ccccc2)C(=O)NC(=O)NC1=O,0
train_1085,C=C(C)C(=O)OCC(C)NC(=O)C(N)CC(=O)O,6
train_1086,CC12CCC(C1)C(C)(C)C2O,0
train_1087,CCCCCC=CCCCCCCCC(=O)CC(O)COC(C)=O,0
train_1088,OCCO,6
train_1089,CC(=O)OC1C(C)OC(OC2C(O)C3(C)CCC4(C)C(=CCC5C6(C)CCC(OC7OC(C(=O)O)C(O)C(O)C7O)C(C)(CO)C6CCC54C)C3CC2(C)CO)C(OC(C)=O)C1OC(C)=O,6
train_1090,CC(NC(=O)C(N)CC(=O)O)C(=O)NC1C(C)(C)S(=O)(=O)C1(C)C,6
train_1091,CC(CC(=O)OC1CCCCC1)NC(=O)C(N)CC(=O)O,6
train_1092,O=P([O-])([O-])OCC1OC(n2cnc3c(Cl)ncnc32)C(O)C1O.[Na+].[Na+],8
train_1093,CC1CCC2(OC1)OC1CC3C4CC=C5CC(OC6OC(CO)C(OC7OC(C)C(O)C(O)C7O)C(O)C6OC6OC(C)C(O)C(O)C6O)CCC5(C)C4CCC3(C)C1C2C,0
train_1094,COc1ccc(CCc2cccc(C(=O)O)c2)cc1O,7
train_1095,COc1ccc(C(=O)Oc2ccccc2)cc1O,6
train_1096,COc1cc(O)c(CC=C(C)C)c(O)c1,0
train_1097,Cc1cc(NS(=O)(=O)[O-])ccc1F.[Na+],0
train_1098,OCC1OC(OC2(CBr)OC(CBr)C(O)C2O)C(O)C(O)C1O,6
train_1099,COc1ccc(C2Cc3cccc(O)c3C(=O)N2)cc1O,6
train_1100,CC1=CCC(C(=O)O)(S(=O)(=O)c2ccccc2)CC1,6
train_1101,NC(CC(=O)c1ccccc1NC=O)C(=O)O,6
train_1102,COC1OC(CO)C(O)CC1O,6
train_1103,O=c1[nH]c(SCc2ccco2)nc2c1ncn2C1OC(COP(=O)(O)O)C(O)C1O,8
train_1104,CCNC(=O)C(C)(C(C)C)C(C)C,1
train_1105,NC(CC(=O)O)C(=O)NC(CO)C(=O)OC1CCCCC1,6
train_1106,COc1ccccc1C=O,0
train_1107,OC1COCC1O,3
train_1108,CCCCCCCCC=CCCCCCCCC(=O)OCC(O)CO,0
train_1109,CC1CCC(C(C)C)C(=O)C1,0
train_1110,O=C(O)CCNC(=O)Oc1ccc([N+](=O)[O-])cc1,6
train_1111,Nc1nc2c(ncn2C2OC(COP(=O)([O-])[O-])C(O)C2O)c(=O)[nH]1.[Ca+2],8
train_1112,Cc1ccc([N+](=O)[O-])cc1N,6
train_1113,CC(O)CCC(=O)NCCc1ccccc1,8
train_1114,COc1ccc(C2OC(=O)c3ccccc3O2)cc1O,6
train_1115,O=C1OC(c2ccc(O)cc2)Cc2cccc(O)c21,7
train_1116,Cc1ccnc([N-]S(=O)(=O)c2ccc(N)cc2)n1.[Na+],0
train_1117,O=[N+]([O-])c1ccc(NS(=O)(=O)[O-])c([N+](=O)[O-])c1.[Na+],3
train_1118,CCCCCCC1(CC)C(=O)N=C([O-])NC1=O.[Na+],0
train_1119,CC1OC(OCC2OC(Oc3c(-c4ccc(O)c(O)c4)oc4cc(O)cc(O)c4c3=O)C(O)C(O)C2O)C(O)C(O)C1O,1
train_1120,CC(Cc1ccc(F)cc1)NC(=O)C(N)CC(=O)O,6
train_1121,O=C(C=Cc1ccc(O)c(O)c1)OC1CC2(O)CC(OC2=O)C1O,0
train_1122,CC(=O)Nc1ccc(C=NNC(N)=S)cc1,0
train_1123,O=C(CO)CO,6
train_1124,CN(NC(=Nc1ccc(C#N)cc1)NCC(=O)O)c1ccccc1,6
train_1125,O=S(=O)([O-])Nc1ccc(I)cc1F.[Na+],5
train_1126,CC1(C)OC2C(COP(=O)([O-])[O-])OC(n3cnc4c(=O)[nH]cnc43)C2O1.[Na+].[Na+],8
train_1127,CC1SCCCC1NS(=O)(=O)[O-].[Na+],3
train_1128,CCC(=O)OCC(CO)NC(=O)C(N)CC(=O)O,6
train_1129,C=C1CC23CCC4C(C)(C(=O)OC5OC(CO)C(O)C(O)C5OC5OC(CO)C(O)C(O)C5O)CCCC4(C)C2CCC1(OC1OC(CO)C(O)C(OC2OC(CO)C(O)C(O)C2O)C1OC1OC(C)C(O)C(O)C1O)C3,6
train_1130,CCCC[N+](C)(CC(=O)Nc1c(C)cccc1C)Cc1ccc(Cl)cc1,0
train_1131,O=S(=O)([O-])Nc1ccc(S(=O)(=O)N2CCCCC2)cc1.[Na+],0
train_1132,O=S(=O)([O-])Nc1nnc(-c2cccc(Cl)c2)s1.[Na+],3
train_1133,Cc1ccc([N+](=O)[O-])c(NS(=O)(=O)[O-])c1.[Na+],5
train_1134,OCC1OC(OC2(CO)OC(CO)C(Cl)C2O)C(O)C(O)C1O,6
train_1135,CSCCC(N)C(=O)O,6
train_1136,CC(COC(=O)C(C)C)NC(=O)C(N)CC(=O)O,6
train_1137,CCCOc1ccc([N+](=O)[O-])cc1N,6
train_1138,COC(=O)C(Cc1ccccc1)NC(=O)C(CC(=O)O)NCCC(C)(C)C,6
train_1139,CC(NC(C)(C)C)C(=O)c1cccc(Cl)c1.Cl,0
train_1140,COC1CC(OC2CCC3(C)C4CCC5(C)C(C6=CC(=O)OC6)CCC5(O)C4CCC3(O)C2)OC(C)C1O,0
train_1141,OCC1OC(OC2(CO)OC(CCl)C(O)C2O)C(O)C(O)C1O,6
train_1142,CCCc1nnc(NS(=O)(=O)[O-])s1.[Na+],6
train_1143,CCC(C)(CN(C)C)OC(=O)c1ccccc1.Cl,0
train_1144,CCCCNC(=O)C(C)Nc1nc2c(ncn2C2OC(COP(=O)(O)O)C(O)C2O)c(=O)[nH]1,8
train_1145,CC(CC(=O)OC(C)C)NC(=O)C(N)CC(=O)O,6
train_1146,CCCCCCCCC=CCCCCCCCC(=O)OCCOCC(OCCO)C1OCC(OCCO)C1OCCO,0
train_1147,CC1=CC(O)C2C(CC(C)=CCC1)OC(=O)C2(C)O,0
train_1148,NC(=O)c1ccc(NC(=O)NC(CC(=O)O)c2cccc(O)c2)cc1,6
train_1149,Cc1ccnc(NS(=O)(=O)[O-])c1.[Na+],3
train_1150,CN1C(=O)c2ccc([N+](=O)[O-])cc2S1(=O)=O,7
train_1151,O=C(NCCc1ccc(O)cc1)C(O)C(O)C(O)C(O)CO,8
train_1152,COCC(NC(=Nc1ccc(C#N)cc1)NCC(=O)O)c1ccccc1,6
train_1153,CC(C)=CC1OC(C)(C)C2CC3C(=O)C(C(=O)C(C)C)=C(O)C3(O)C12O,0
train_1154,OCC(O)C(O)C(O)C(O)CO,6
train_1155,O=C1[N-]S(=O)(=O)c2ccccc21.[K+],6
train_1156,Cl.O=C(Nc1ccccc1)OCC(CN1CCCCC1)OC(=O)Nc1ccccc1,0
train_1157,Cc1ccccc1NC(N)=O,7
train_1158,CCCCc1ccc(NS(=O)(=O)[O-])cc1.[Na+],3
train_1159,N#Cc1ccc(NC(=NC2CCCCCCC2)NCc2nnn[nH]2)cc1,6
train_1160,O=S(=O)([O-])Nc1cccc2cnccc12.[Na+],3
train_1161,CCOc1ccc(NC(N)=O)cc1,6
train_1162,CCCCCC(C)NS(=O)(=O)[O-].[Na+],3
train_1163,N#Cc1ccc(N=C(NCC(=O)O)Nc2cccc(Cl)c2)cc1,6
train_1164,CC(C)=CCCC(C)=CC=O,2
train_1165,O=C(C=Cc1ccc(O)c(O)c1)Nc1ccc(O)cc1C(=O)O,0
train_1166,CC(=O)OCC12C(CCC(C)(C)C1C=O)OC(=O)C13CC(CC(O)C12)C(C)C3=O,0
train_1167,CC(=O)NCC(C)C,0
train_1168,[Cl-].[K+],4
train_1169,COc1ccc2c(c1O)CCC21SCc2ccccc2S1,7
train_1170,O=S(=O)([O-])Nc1ccccc1N1CCCCC1.[Na+],3
train_1171,O=C(O)C1CC(O)CN1,6
train_1172,CCCCCC=CC(=O)CCc1ccc(O)c(OC)c1,1
train_1173,CC1CCCC(NS(=O)(=O)[O-])C1.[Na+],6
train_1174,COc1ccc(C2SCc3ccccc3S2)cc1O,6
train_1175,C=C1CC23CCC4C(C)(C(=O)OC5OC(CO)C(O)C(O)C5OC5OC(CO)C(O)C(O)C5O)CCCC4(C)C2CCC1(OC1OC(CO)C(O)C(OC2OC(CO)C(O)C(O)C2O)C1OC1OCC(O)C(O)C1O)C3,6
train_1176,CCCc1ccc([N+](=O)[O-])cc1N,6
train_1177,O=C(O)CCC(NCC1(O)OCC(O)C(O)C1O)C(=O)O,8
train_1178,COc1cc(O)c2c(c1C(=O)C=Cc1ccc(O)cc1)OC(C)(C)CC2,0
train_1179,O=c1c(OC2CC(CO)C(O)C(O)C2O)c(-c2ccc(O)c(O)c2)oc2cc(O)cc(O)c12,0
train_1180,CCOc1ccc2c(c1)S(=O)(=O)NC2=O,7
train_1181,OCC12OCC(O1)C(O)C(O)C2O,6
train_1182,OCC1OC(OC2C(CO)OC(OC3(CO)OC(CO)C(O)C3O)C(O)C2O)C(O)C(O)C1O,6
train_1183,O=S(=O)([O-])Nc1nc2ccccc2s1.[Na+],5
train_1184,CCC(NC)c1ccccc1OC.Cl,0
train_1185,NC(CC(=O)O)C(=O)NC(CCC(=O)O)C(=O)NC(CO)C(=O)O,8
train_1186,COc1cc2c(cc1OC)C1c3ccc(O)c(OC)c3OCC1(O)C2,7
train_1187,O=S(=O)([O-])N(c1cccc2ccccc12)S(=O)(=O)[O-].[Na+].[Na+],0
train_1188,CC1C2CC(O)C3C(C2)(C(=O)OC2CCC(C)(C)C4C(O)OCC243)C1O,0
train_1189,O=COCCc1ccccc1,2
train_1190,CCCCCCCCCCCCNC(=O)C[N+](C)(C)Cc1ccccc1.[Cl-],0
train_1191,Oc1ccc(C2OCc3ccccc3S2)cc1O,6
train_1192,O=C1NS(=O)(=O)c2c(Cl)cccc21,2
train_1193,CC1=COS(=O)(=O)[N-]C1=O.[Na+],6
train_1194,CC(NC(=O)C(N)CC(=O)O)NC(=O)C1C(C)(C)CCC1(C)C,6
train_1195,COC(C)C1CC=C(C)CC1,6
train_1196,CC(NC(=O)c1ccccc1)NC(=O)C(N)CC(=O)O,6
train_1197,Cn1c(=O)c2c(ncn2CC(O)CO)n(C)c1=O,0
train_1198,OCC1(O)OC(CCl)C(O)C1O,6
train_1199,Nc1ccc(S(=O)(=O)c2ccc(N)cc2)cc1,0
train_1200,CC1=C(C)C(=O)NS(=O)(=O)O1,6
train_1201,Cc1cccc(Nc2ccccc2C(=O)O)c1C,0
train_1202,CCN(CC)CC(=O)Nc1c(C)cccc1C,0
train_1203,CCOc1ccc2nc(NS(=O)(=O)[O-])sc2c1.[Na+],3
train_1204,COCC(C)(OC)C1CC=C(C=NO)CC1,0
train_1205,N#Cc1ccc(N=C(NCC(=O)O)NC2CCCCC2)cc1,6
train_1206,CCC=CCC=CCC=CCCCCCCCC(=O)O,0
train_1207,O=c1cc[nH]c(=S)[nH]1,0
train_1208,CC(C)C(=O)OCC(CO)NC(=O)C(N)CC(=O)O,6
train_1209,C=CCCCCCCCCCCCC(O)CC(O)COC(C)=O,0
train_1210,O=C1[N-]C(=O)C(c2ccccc2)(c2ccccc2)N1.[Na+],0
train_1211,CCC(C)C(=O)C1=C(O)C2(CC=C(C)C)CC3C(CC(C(C)(C)O)C3(C)C)(C1=O)C2=O,0
train_1212,Nc1nc2c(ncn2C2OC(COP(=O)([O-])[O-])C(O)C2O)c(=O)[nH]1.O=c1[nH]cnc2c1ncn2C1OC(COP(=O)([O-])[O-])C(O)C1O.[Na+].[Na+].[Na+].[Na+],8
train_1213,COC(=O)C(NC(=O)C(N)CC(=O)O)C(=O)OC1CCC(C)CC1,6
train_1214,CC1=C(C)C(=O)[N-]S(=O)(=O)O1.[Na+],6
train_1215,CC(C)c1ccc(NS(=O)(=O)[O-])cc1.[Na+],6
train_1216,CCC(=O)OCC(C)NC(=O)C(N)CC(=O)O,6
train_1217,CC(=O)OCC1OC(OCC2OC(OC3(COC(C)=O)OC(COC(C)=O)C(OC(C)=O)C3OC(C)=O)C(OC(C)=O)C(OC(C)=O)C2OC(C)=O)C(OC(C)=O)C(OC(C)=O)C1OC(C)=O,0
train_1218,CC(C)(O)C1C2OC(=O)C1C1(O)CC3OC34C(=O)OC2C14C,0
train_1219,COC(=O)C(NC(=O)C(CC(=O)O)NC(=O)Nc1ccc(C#N)cc1)C(=O)OC1C2(C)CCC(C2)C1(C)C,6
train_1220,CC(C)C(=O)OCC(NC(=O)C(N)CC(=O)O)C(C)C,6
train_1221,CCOC(=O)C=Cc1ccc(O)c(OC)c1,0
train_1222,CCOC(CN1CCN(CC(C)C(=O)c2ccccc2)CC1)c1ccccc1.Cl.Cl,0
train_1223,Cl.NCCCC(N)C(=O)NCCC(=O)O,4
train_1224,CCC(C)(C)NS(=O)(=O)[O-].[Na+],3
train_1225,Cn1nnnc1NC(=Nc1ccc(C#N)cc1)NC1CCCCCCC1,6
train_1226,COc1ccc2c(c1)S(=O)(=O)NC2=O,7
train_1227,Cc1cccc(N=C(NCC(=O)O)NC(C)c2ccccc2)c1,6
train_1228,CCCOc1ccc(CCC(=O)c2c(O)cc(OC3OC(CO)C(O)C(O)C3OC3OC(C)C(O)C(O)C3O)cc2O)cc1O,6
train_1229,CC(C)c1csc(NS(=O)(=O)[O-])n1.[Na+],2
train_1230,Nc1ncc([N+](=O)[O-])s1,0
train_1231,COc1ccc(C2OCc3ccccc3S2)cc1O,6
train_1232,CC(=O)CCCCn1c(=O)c2c(ncn2C)n(C)c1=O,0
train_1233,CCC(C)c1nnc(NS(=O)(=O)[O-])s1.[Na+],3
train_1234,Cc1nc(NS(=O)(=O)[O-])ccc1Br.[Na+],0
train_1235,O=C(O)c1ccc(C(=O)c2ccccc2C(=O)O)cc1,7
train_1236,COc1ccc(CCc2ccccc2CO)cc1O,6
train_1237,O=C(O)c1ccccc1C(=O)c1ccccc1,7
train_1238,O=S(=O)(O)ON=C(Cc1c[nH]c2ccccc12)SC1OC(CO)C(O)C(O)C1O,0
train_1239,CCC(C)C(=O)OC(C)C1(O)CCC2(O)C3CCC4CC(OC5CC(O)C(OC6CC(OC)C(OC7CC(OC)C(OC8CC(OC)C(OC9OC(CO)C(O)C(O)C9O)C(C)O8)C(C)O7)C(C)O6)C(C)O5)CCC4(C)C3CC(OC(C)=O)C12C,6
train_1240,CCN1CC2(OC(=O)c3ccccc3NC(C)=O)CCC(OC)C34C1C(CC23)C1(O)CC(OC)C2CC4C1(O)C2OC,0
train_1241,CC(C)(CO)C(O)C(=O)NCCC(=O)[O-].CC(C)(CO)C(O)C(=O)NCCC(=O)[O-].[Ca+2],0
train_1242,C=C1CC23CCC4C(C)(C(=O)OC5OC(CO)C(O)C(O)C5O)CCCC4(C)C2CCC1(OC1OC(CO)C(O)C(O)C1OC1OC(C)C(O)C(O)C1O)C3,6
train_1243,CCOc1ccc(C(=O)c2ccccc2C(=O)O)cc1,6
train_1244,CC(C)CCOC(=O)c1ccccc1O,2
train_1245,CCCCCCCNC(CC(=O)O)C(=O)Nc1ccc(C#N)cc1,6
train_1246,COCC1OC(OC2(CO)OC(COC)C(O)C2O)C(O)C(O)C1O,6
train_1247,Cc1cccn2c(=O)c(-c3nn[nH]n3)cnc12,0
train_1248,CCC(C)C(N)C(=O)O,6
train_1249,CCN(Cc1ccccc1)C(=Nc1ccc(C#N)cc1)NCC(=O)O,6
train_1250,O=C(O)C=Cc1ccccc1OC1OC(CO)C(O)C(O)C1O,0
train_1251,C=C(C)C1CC23C(=O)C(C(=O)CC(C)C)=C(O)C(CC=C(C)C)(CC2C1(C)C)C3=O,0
train_1252,COc1ccc(CCC(=O)c2c(O)cccc2O)cc1O,7
train_1253,CC(NC(=Nc1ccc2c(c1)CCC2)NCC(=O)O)c1ccccc1,6
train_1254,CC1=C(C)CC(C(=O)O)(S(=O)(=O)c2ccccc2)CC1,6
train_1255,COc1cc(C2OCCc3ccccc3O2)ccc1O,7
train_1256,CCc1sc(NS(=O)(=O)[O-])nc1C.[Na+],3
train_1257,C=C(CO)C(=O)OC1CC(=C)C2CC(=O)C(=C)C2C2OC(=O)C(=C)C12,0
train_1258,O=S(=O)([O-])NCCCCCO.[Na+],6
train_1259,CCC(N)C(=O)O,6
train_1260,O=C(O)C(O)(c1ccccc1)c1ccccc1,0
train_1261,NC(=O)CC(N)C(=O)O,6
train_1262,CC(NC(=O)C(N)CC(=O)O)C(=O)NC(C)(C1CC1)C(C)(C)C,6
train_1263,CC(=O)OCC(OC(C)=O)C(OC(C)=O)C(OC(C)=O)C(C=O)OC(C)=O,0
train_1264,C=C(Br)CC1(C(C)C)C(=O)NC(=O)N(C)C1=O,0
train_1265,O=C(COC1OC(CO)C(O)C(O)C1O)C(O)C(O)C(O)CO,6
train_1266,COc1ccc(C2CSc3ccccc3S2)cc1O,6
train_1267,CC(N)Cc1ccccc1.O=P(O)(O)O,0
train_1268,Cc1cccc(C)c1NC(=O)C[N+](C)(Cc1ccccc1)Cc1ccc(Cl)cc1,0
train_1269,N#Cc1ccc(N=C(N)NCC(=O)O)cc1,6
train_1270,COc1ccc(C2OC(=O)c3ccccc32)cc1O,7
train_1271,CC(=O)c1ccccc1,0
train_1272,OC1C(OC2(CCl)OC(CCl)C(O)C2O)OC(CCl)C(Cl)C1O,6
train_1273,CCC(C)C(=O)OC(C)C1(O)CCC2(O)C3CCC4CC(OC5CC(O)C(OC6CC(OC)C(OC7CC(OC)C(OC8CC(OC)C(OC9CC(OC)C(OC%10OC(CO)C(O)C(O)C%10O)C(C)O9)C(C)O8)C(C)O7)C(C)O6)C(C)O5)CCC4(C)C3CC(OC(C)=O)C12C,6
train_1274,COc1cc(CNC(=O)CCCCCC(C)C)ccc1O,1
train_1275,CCN(CC)CCCC(C)Nc1ccnc2cc(Cl)ccc12.O=P(O)(O)O.O=P(O)(O)O,0
train_1276,Cc1ccccc1NC(=Nc1ccc(C#N)cc1)NCC(=O)O,6
train_1277,Cc1ccc2c(c1)C13CCCCC1C(C2)N(C)CC3.O=P(O)(O)O,0
train_1278,CC(C)C(=O)OCCNC(=O)C(N)CC(=O)O,6
train_1279,Cc1cccc(C)c1NS(=O)(=O)[O-].[Na+],3
train_1280,CC1=C2C3OC(=O)C(C)C3CCC2(C)C(O)CC1,0
train_1281,COc1ccc2c(c1)C13CCN4CC5=CCOC6CC(=O)N2C1C6C5CC43,0
train_1282,O=c1oc2ccccc2c(O)c1Cc1c(O)c2ccccc2oc1=O,0
train_1283,O=[N+]([O-])c1cccc(NS(=O)(=O)[O-])c1.[Na+],3
train_1284,O=S(=O)([O-])NC1CCSC1.[Na+],6
train_1285,COc1cc(-c2[o+]c3cc(O)cc(O)c3cc2OC2OC(CO)C(O)C(O)C2O)cc(OC)c1O,0
train_1286,O=C(NCCOP(=O)(O)O)C(O)C(O)C(O)C(O)CO,8
train_1287,CC(NC(NCC(=O)O)Nc1ccc(C#N)cc1)c1ccccc1,6
train_1288,N#Cc1ccc(N=C(NCC(=O)O)NC2CCc3ccccc32)cc1,6
train_1289,O=CC=Cc1ccccc1,6
train_1290,CC(C)CC(NC(=O)C(N)Cc1c[nH]c2ccccc12)C(=O)O,0
train_1291,CCc1cccc(NS(=O)(=O)[O-])n1.[Na+],6
train_1292,CC(C)=CCC12CC3C(C)(C)CCC3(C(=O)C(C(=O)CC(C)C)=C1O)C2=O,0
train_1293,CC(C)=CCC(=O)C1(O)C(=O)C(C(=O)C(C)C)=C(O)C1(O)CC=C(C)C,0
train_1294,O=C(O)CCOC(=O)Nc1ccc([N+](=O)[O-])cc1,7
train_1295,OCC1OC(OC2(CCl)OC(CCl)C(Cl)C2O)C(O)C(O)C1Cl,6
train_1296,OCCc1c[nH]c2ccccc12,2
train_1297,CCC(C)C(=O)C1=C(O)C2(CC=C(C)C)CC3C(C)(C)CCC3(C1=O)C2=O,0
train_1298,CCC1CN2CCc3cc(OC)c(OC)cc3C2CC1CC1NCCc2cc(OC)c(OC)cc21,0
train_1299,[Cl-].[Li+],4
train_1300,OCC1SC(O)C(O)C(O)C1O,6
train_1301,CC(C)(C)c1ccc(NS(=O)(=O)[O-])cc1.[Na+],3
train_1302,COc1cccc(CCc2ccc(OC)c(O)c2)c1,6
train_1303,O=C1NS(=O)(=O)c2c1cccc2[N+](=O)[O-],0
train_1304,COC(=O)C(COC(C)(C)C)NC(=O)C(N)CC(=O)O,6
train_1305,C=C(C)C1CCC2(C)C(CC(OC3OCC(O)C(O)C3O)C3C(C(C)(O)CC=CC(C)(C)O)CCC32C)C1(C)CCC(=O)O,6
train_1306,CC(O)C(=O)[O-].CC([O-])C(=O)O.[Ca+2],0
train_1307,COC1C(CO)OC(OC2(CO)OC(CO)C(O)C2O)C(O)C1O,6
train_1308,O=C(O)c1ccccc1C(=O)c1ccc(O)cc1,6
train_1309,CC(=O)OCC12C(CCC(C)(C)C1C=O)OC(=O)C13CC(CC(=O)C12)C(C)C3=O,7
train_1310,CCOC(=O)CC(NC(=O)C(N)CC(=O)O)C(=O)OC,6
train_1311,OCC1OC(OC2C(O)C(O)COC2(O)CO)C(O)C(O)C1O,6
train_1312,O=S(=O)([O-])Nc1ccc(-c2ccccc2)cc1.[Na+],3
train_1313,CC(C)=CCC1C(=O)C(C(=O)CC(C)C)=C(O)C1(O)C(=O)C=CC(C)C,0
train_1314,CC[N+](C)(C)Cc1ccccc1Br.Cc1ccc(S(=O)(=O)[O-])cc1,0
train_1315,COc1cc(O)c(CCC(C)(C)O)c2c1C(=O)CC(c1ccc(O)cc1)O2,0
train_1316,OCC1OC(OC2(CO)OC(CF)C(O)C2O)C(O)C(O)C1F,6
train_1317,CCCC(=O)OCC(NC(=O)C(N)CC(=O)O)C(=O)OC,6
train_1318,CC(=O)OCC(C)C,0
train_1319,O=S(=O)([O-])Nc1ccc(F)c(F)c1.[Na+],3
train_1320,C=C1CC23CCC4C(C)(C(=O)OC5OC(CO)C(O)C(O)C5O)CCCC4(C)C2CCC1(OC1OC(CO)C(O)C(OC2OC(CO)C(O)C(O)C2O)C1OC1OCC(O)C(O)C1O)C3,6
train_1321,CC(C)C(C(=O)O)S(=O)(=O)c1ccc(Cl)cc1Cl,0
train_1322,COC(=O)C(C)NC(=O)C(N)CC(=O)O,6
train_1323,CN1CCC23c4c5ccc(OCCN6CCOCC6)c4OC2C(O)C=CC3C1C5,0
train_1324,COc1ccc(NS(=O)(=O)[O-])c(OC)c1.[Na+],2
train_1325,COC(=O)c1cccc(CCc2ccc(OC)c(O)c2)c1,7
train_1326,COc1ccc2c(=O)cc(-c3ccc(O)cc3)oc2c1,0
train_1327,O=C([O-])C(=O)O.[K+],2
train_1328,CCC1OC(=O)C(C)C(OC2CC(C)(OC)C(O)C(C)O2)C(C)C(OC2OC(C)CC(N(C)C)C2O)C(C)(O)CC(C)C(=O)C(C)C(O)C1(C)O,0
train_1329,CC(CCc1ccccc1)NCC(O)c1ccc(O)c(C(N)=O)c1.Cl,0
train_1330,Nc1ncnc2c1ncn2C1OC(COP(=O)([O-])[O-])C(O)C1O.[Na+].[Na+],8
train_1331,CCC1(C2=CCCCC2)C(=O)NC(=O)NC1=O,0
train_1332,CNc1nc2c(ncn2C2OC(COP(=O)([O-])[O-])C(O)C2O)c(=O)[nH]1.[Na+].[Na+],8
train_1333,CC1(C)OC2CC(=O)OCC23C1CC(=O)C1(C)C3CCC2(C)C(c3ccoc3)OC(=O)C3OC321,0
train_1334,S=C(Nc1ccccc1)Nc1ccccc1,0
train_1335,CCCCCCNS(=O)(=O)[O-].[Na+],3
train_1336,CC(C)CCCNS(=O)(=O)[O-].[Na+],3
train_1337,O=c1cc(-c2ccccc2O)oc2cccc(O)c12,0
train_1338,CCCCCC=CCC=CCCCCCCCC(=O)CC(O)COC(C)=O,0
train_1339,OCC1OC(OC2(CCl)OC(CO)C(Cl)C2O)C(O)C(O)C1O,6
train_1340,CCCCC(NC(=O)C(N)CC(=O)O)C(=O)OC,6
train_1341,CCC(C)OC(=O)CC(C)NC(=O)C(N)CC(=O)O,6
train_1342,CON=C(C)C1CC=C(C=NO)CC1,6
train_1343,O=C(O)C(CCO)Nc1nc2c(ncn2C2OC(COP(=O)(O)O)C(O)C2O)c(=O)[nH]1,8
train_1344,COC(=O)C(CNC(=O)C(N)CC(=O)O)C(=O)OC,3
train_1345,CCSCC(NC(=O)C(N)CC(=O)O)C(=O)OC,6
train_1346,CC(CCC1(O)OC2CC3C4CCC5CC(OC6OC(CO)C(O)C(O)C6OC6OC(CO)C(O)C(O)C6O)CCC5(C)C4CCC3(C)C2C1C)COC1OC(CO)C(O)C(O)C1O,0
train_1347,O=S(=O)([O-])Nc1nnc(-c2cccc(Br)c2)s1.[Na+],1
train_1348,O=C(O)CCNC(=S)Nc1ccc([N+](=O)[O-])cc1,6
train_1349,COCC1OC(OC2(CCl)OC(CCl)C(O)C2O)C(O)C(O)C1Cl,6
train_1350,CC(=O)OCC(Cc1ccccc1)NC(=O)C(N)CC(=O)O,3
train_1351,CCCCCCCC(O)CC(=O)CCc1ccc(O)c(OC)c1,1
train_1352,CC(C)(O)C=CC(=O)C(C)(O)C1C(O)CC2(C)C3CC=C4C(C=C(O)C(=O)C4(C)C)C3(C)C(=O)CC12C,0
train_1353,O=c1c(-c2ccc(O)cc2)coc2c(O)c(O)ccc12,0
train_1354,COc1cc(O)c(CC2OC2(C)C)c(O)c1C(=O)C=Cc1ccc(O)cc1,0
train_1355,CC(=O)OCCNC(=O)C(N)CC(=O)O,6
train_1356,CC(C)=CCC1=C(O)C(CC=C(C)C)(CC=C(C)C)C(=O)C(C(=O)CC(C)C)=C1O,0
train_1357,CC(C)COC(=O)c1ccccc1O,0
train_1358,CC=CC=CCCC=CC(=O)NCC(C)C,1
train_1359,COC1OC(CCl)C(O)C(O)C1O,7
train_1360,COc1ccc(C(=O)c2ccccc2)cc1,7
train_1361,CCC(COC(C)=O)NC(=O)C(N)CC(=O)O,6
train_1362,NC1(C(=O)O)CCC1,6
train_1363,O=S(=O)([O-])Nc1ccccc1F.[Na+],3
train_1364,C#CCCCCCCCCCCCC(O)CC(O)CO,0
train_1365,COC(=O)C(Cc1ccccc1)NC(=O)C(CC(=O)O)NC(=NC#N)Nc1ccc(C#N)cc1,6
train_1366,CC(C)=CCCC(C)=CCOC(=O)CC(C)C,0
train_1367,Cc1cc(C)nc(NS(=O)(=O)[O-])n1.[Na+],3
train_1368,COc1ccc(-c2coc3cc(OC)ccc3c2=O)cc1,0
train_1369,O=c1nc[nH]c2c1ncn2C1OC(CO)C(O)C1O,0
train_1370,CCCC(C)NS(=O)(=O)[O-].[Na+],1
train_1371,CCn1cc(C(=O)O)c(=O)c2cc(F)c(N3CCNC(C)C3)c(F)c21,0
train_1372,NC(N)=NC(N)=Nc1ccccc1,0
train_1373,CC12CCC(CC1=O)C2(C)C,0
train_1374,COc1cc2c(c3c1C(=O)CC(c1ccc(O)cc1)O3)CCC(C)(C)O2,0
train_1375,CCOC(=O)C=Cc1ccc(O)cc1,0
train_1376,CC(O)C(NC(=O)C(N)CC(=O)O)C(=O)OC1CCCCC1,6
train_1377,CCCCCC(O)C=CC(O)C(O)CCCCCCCC(=O)O,0
train_1378,CC(C)=CCC(=O)C1(O)C(=O)C(C(=O)CC(C)C)=C(O)C1(O)CC=C(C)C,0
train_1379,CC(Cc1ccc(NS(C)(=O)=O)cc1)NC(=O)C(N)CC(=O)O,0
train_1380,CC(CCC(O)C(C)(C)O)C1CCC2(C)C3CC=C4C(CCC(O)C4(C)C)C3(C)C(O)CC12C,6
train_1381,COc1cc(-c2cc(=O)c3c(O)cc(O)cc3o2)ccc1O,0
train_1382,CSc1ccc(NS(=O)(=O)[O-])cc1.[Na+],0
train_1383,O=Cc1ccccc1OC1OC(CO)C(O)C(O)C1O,0
train_1384,N#Cc1ccc(N=C(NCC(=O)O)NCC23CC4CC(CC(C4)C2)C3)cc1,6
train_1385,C=C(C)C1C2CC3(C)C4(CO4)C4OC4C3(O)C1C(=O)O2,0
train_1386,C=C1CC2OC(=O)C(=C)C2C(O)C=C(C)CCC1O,0
train_1387,CC(CC(C)(C)O)OC(O)C(Cl)(Cl)Cl,0
train_1388,CN(CC(=O)O)C(=N)N,0
train_1389,COc1c(O)cc2c(c1O)C(=O)C(O)C(c1ccc(O)c(O)c1)O2,6
train_1390,CC(C)CN(S(=O)(=O)[O-])S(=O)(=O)[O-].[Na+].[Na+],5
train_1391,O=C1C=COS(=O)(=O)N1,6
train_1392,CCC1(CCC(C)C)C(=O)NC(=O)NC1=O,0
train_1393,C=CC1CN2CCC1CC2C(O)c1ccnc2ccccc12,0
train_1394,COC(C)(CO)C1CC=C(C=NO)CC1,0
train_1395,COCC1=CCC=C(C=NO)C1,3
train_1396,O=C(COc1cccc(C2OCc3ccccc3S2)c1)c1ccc([N+](=O)[O-])cc1,6
train_1397,OCC1OC2OC3C(CO)OC(OC4C(CO)OC(OC5C(CO)OC(OC6C(CO)OC(OC7C(CO)OC(OC8C(CO)OC(OC1C(O)C2O)C(O)C8O)C(O)C7O)C(O)C6O)C(O)C5O)C(O)C4O)C(O)C3O,6
train_1398,COc1ccc(C2Oc3ccccc3S2)cc1O,6
train_1399,OCC1OC(OC2(CCl)OC(CCl)C(O)C2O)C(O)C(O)C1O,6
train_1400,COC(=O)C(NC(=O)C(CC(=O)O)NC(=O)Nc1ccc([N+](=O)[O-])cc1)C1CCCCC1,6
train_1401,ON=CC1=CC=CCC1,6
train_1402,CC(COc1ccccc1)NC(=O)C(N)CC(=O)O,6
train_1403,CCOC(=O)CC(SP(=S)(OC)OC)C(=O)OCC,0
train_1404,Cl.Cl.OCCOCCN1CCN(C(c2ccccc2)c2ccc(Cl)cc2)CC1,0
train_1405,COc1ccc(CCc2ccc(OC)c(O)c2)cc1O,7
train_1406,CC(C)OC(=O)C(NC(=O)C(N)CC(=O)O)C(C)O,6
train_1407,NC(CCC(=O)O)C(=O)[O-].[Na+],8
train_1408,CCCOC(=O)CC,0
train_1409,CC(C)(Cl)C1CC=C(C=NO)CC1,7
train_1410,COc1ccc(C2OCc3ccccc3O2)cc1OC(=O)Nc1ccc([N+](=O)[O-])cc1,6
train_1411,C=CCC1(C(C)C)C(=O)NC(=O)NC1=O,0
train_1412,CC(NC(=O)C(N)CC(=O)O)C(O)c1ccccc1,6
train_1413,C=C1C(=O)OC2C3C(COC(=O)Cc4ccc(O)cc4)=CC(=O)C3=C(C)CC(O)C12,0
train_1414,CC(COC(=O)C1CC1C)NC(=O)C(N)CC(=O)O,6
train_1415,CCCCCOC(=O)C(C)NC(=O)C(N)CC(=O)O,6
train_1416,O=P(O)(O)OCC1OC(OC2(CO)OC(CO)C(O)C2O)C(O)C(O)C1O,0
train_1417,COC(=O)CC1c2c(O)cc(O)c(C3c4c(O)cc5c(c4OC(c4ccc(O)cc4)C3O)C3c4c(O)cc(O)cc4OC(c4ccc(O)cc4)(O5)C3O)c2OC(c2ccc(O)cc2)C1O,3
train_1418,CC=Cc1ccc(OC)c(OC)c1,0
train_1419,Cc1cc(N=C(NCC(=O)O)NC(C)c2ccccc2)ccc1C#N,6
train_1420,CC1NC(=O)C(Cc2ccccc2)NC1=O,0
train_1421,CC(=O)OC1CC2OC(=O)C34CC(CCC3C23COC(=O)C3C1(C)C)C(C)C4=O,0
train_1422,COc1ccc(C2Cc3ccccc3C(=O)N2)cc1O,7
train_1423,CCCCCCOC(C)=O,2
train_1424,NC(=O)NCCC(=O)O,7
train_1425,CCCc1c[nH]c(=S)[nH]c1=O,0
train_1426,Cc1nnc(SCC2=C(C(=O)[O-])N3C(=O)C(NC(=O)Cn4cnnn4)C3SC2)s1.[Na+],2
train_1427,C=C1CC23CCC4C(C)(C(=O)OC5OC(CO)C(O)C(O)C5O)CCCC4(C)C2CCC1(OC1OC(CO)C(O)C(O)C1OC1OC(CO)C(O)C(O)C1O)C3,6
train_1428,COC(=O)C(CC(C)C)NC(=O)C(N)CC(=O)O,0
train_1429,C=C1C(=O)OC2CC(C)C3C=CC(=O)C3(C)C(O)C12,0
train_1430,CCC(C(=O)O)S(=O)(=O)c1ccccc1,6
train_1431,COc1cc(C2CC(=O)c3c(O)cc(O)cc3O2)ccc1O,0
train_1432,CCCCC(N)C(=O)O,0
train_1433,O=C(O)C1CCCN1,6
train_1434,CCOC(=O)C=Cc1ccc(O)c(O)c1,0
train_1435,Cc1ccc(S(=O)(=O)C2(C(=O)O)CCCC2)cc1,3
train_1436,CC1CCC(C(C)C2CCC3C4=CC(=O)C5CC(OC6OC(CO)C(O)C(O)C6O)CCC5(C)C4CCC32C)OC1OC1OC(C)C(O)C(O)C1O,6
train_1437,O=C(C=Cc1ccc(O)c(O)c1)c1ccc(O)cc1O,0
train_1438,COc1ccc(C2NC(=O)c3ccccc3O2)cc1O,7
train_1439,CC1=CCC(C(C)C2CCC3(C)C4CCC5C(C)(C(=O)O)C(OC6OC(CO)C(O)C(O)C6O)CCC56CC46CCC23C)OC1=O,6
train_1440,CCCCCC=CCC=CCC=CCCCCC(=O)O,2
train_1441,O=C1C2CCCN2C(=O)C2CCCN12,0
train_1442,CC1=CCC(C(C)C2CCC3(C)C4CCC5C(C)(C(=O)O)C(OC6OC(CO)C(O)C(O)C6OC6OC(C(=O)O)C(O)C(O)C6O)CCC56CC46CCC23C)OC1=O,6
train_1443,CC1CCC(C(C)C)C(OC(=O)CCC(=O)O)C1,1
train_1444,OCC(O)C(O)C(OC1OC(CO)C(OC2OC(CO)C(O)C(O)C2O)C(O)C1O)C(O)CO,6
train_1445,CCC(C)C(=O)OC(C)C1(O)CCC2(O)C3CCC4CC(OC5CC(O)C(OC6CC(O)C(OC7CC(OC)C(OC8CC(OC)C(OC9OC(C)C(O)C(OC)C9O)C(C)O8)C(C)O7)C(C)O6)C(C)O5)CCC4(C)C3CC(OC(C)=O)C12C,6
train_1446,COc1ccc(C(=O)c2ccccc2C(=O)O)cc1,6
train_1447,Cl.Cl.O=C(O)COCCN1CCN(C(c2ccccc2)c2ccc(Cl)cc2)CC1,0
train_1448,O=S(=O)([O-])Nc1ccc(F)c(Cl)c1.[Na+],3
train_1449,CCOC(=O)c1cccc(NS(=O)(=O)[O-])c1.[Na+],0
train_1450,COc1ccc(CCC(=O)c2ccccc2O)cc1O,6
train_1451,CC(C)CCCNC(=O)C(N)CC(=O)O,7
train_1452,O=S(=O)([O-])Nc1ccc(Cl)c(Cl)c1.[Na+],3
train_1453,CC1CCCCC1(C(=O)O)S(=O)(=O)c1ccccc1,3
train_1454,CCC(C)C(=O)C1=C(O)C(O)(C(=O)C=CC(C)(C)O)C(CC=C(C)C)C1=O,0
train_1455,COc1ccc2c(c1)C(=O)NS2(=O)=O,0
train_1456,CC(C)=CCCC(C)=CCO,0
train_1457,C=CC1C(OC2OC(CO)C(O)C(O)C2OC(=O)c2c(O)cc(O)cc2-c2cccc(O)c2)OC=C2C(=O)OCCC21,0
train_1458,CCNC(=O)CCC(N)C(=O)O,8
train_1459,CC(C)CCC(C)NS(=O)(=O)[O-].[Na+],3
train_1460,O=C1CC(c2ccc(O)cc2)Oc2cc(OC3OC(CO)C(O)C(O)C3O)cc(O)c21,0
train_1461,CCCOc1ccc([N+](=O)[O-])cc1[N+](=O)[O-],0
train_1462,CSCCC(NC(=O)CCC(N)C(=O)O)C(=O)O,8
train_1463,CCC1(CC)C(=O)CCNC1=O,0
train_1464,CCC=C(C)CC=NO,2
train_1465,CC=Cc1cc(OC)ccc1OC(=O)C(C)CC,0
train_1466,CSc1nc2c(ncn2C2OC(COP(=O)([O-])[O-])C(O)C2O)c(=O)n1C.[Na+].[Na+],8
train_1467,NC(=O)Nc1ccc([N+](=O)[O-])cc1,7
train_1468,COc1cccc2c1cc([N+](=O)[O-])c1c(C(=O)O)cc3c(c12)OCO3,0
train_1469,N#Cc1ccc(NC(=O)N(CCC(=O)O)Cc2ccccc2)cc1,0
train_1470,CC(C)(C)NS(=O)(=O)[O-].[Na+],3
train_1471,COc1ccc(CCc2cccc(O)c2)cc1O,7
train_1472,CCCc1csc(NS(=O)(=O)[O-])n1.[Na+],6
train_1473,COc1cc(O)c(CCC(C)(C)OC)c2c1C(=O)CC(c1ccc(O)cc1)O2,0
train_1474,CC(O)(CO)C1CC=CCC1,0
train_1475,COC(=O)C(CCC(C)C)NC(=O)C(N)CC(=O)O,6
train_1476,CC1=CC(=O)[N-]S(=O)(=O)O1.[K+],6
train_1477,CC(C)CC(N)C(=O)O,6
train_1478,CCOC(=O)c1cc(O)c(O)c(O)c1,0
train_1479,COC(=O)C(COC(=O)C(C)C)NC(=O)C(N)CC(=O)O,6
train_1480,[Br-].[Br-].[Sr+2],2
train_1481,CCOC(=O)c1cc(OC)c(O)c(OC)c1,0
train_1482,CCN(CC)Cc1cc(Nc2ccnc3cc(Cl)ccc23)ccc1O.Cl.Cl,0
train_1483,COC(=O)C(NC(=O)C(N)CC(=O)O)C(=O)OC1CC(C)CC(C)(C)C1,6
train_1484,CCCCOC(=O)c1ccccc1NS(=O)(=O)[O-].[Na+],0
train_1485,CCC(C)C(=O)OC(C)C1(O)CCC2(O)C3CCC4CC(OC5CC(O)C(OC6CC(OC)C(OC7CC(OC)C(OC8CC(OC)C(OC9OC(CO)C(OC%10OC(CO)C(O)C(O)C%10O)C(O)C9O)C(C)O8)C(C)O7)C(C)O6)C(C)O5)CCC4(C)C3CC(OC(C)=O)C12C,6
train_1486,COC(=O)C1OC(OC2C(OC3CCC45CC46CCC4(C)C(C(C)C7CC=C(C)C(=O)O7)CCC4(C)C6CCC5C3(C)C(=O)OC)OC(CO)C(O)C2O)C(O)C(O)C1O,3
train_1487,CC1OC(OC2C(Oc3cc(O)c(C(=O)CCc4ccccc4)c(O)c3)OC(CO)C(O)C2O)C(O)C(O)C1O,7
train_1488,COc1ccc(C2OCc3ccccc3S2)cc1S,6
train_1489,C=C1C(=O)C23CC1CCC2C12COC(O)C1C(C)(C)C(O)CC2OC3=O,0
train_1490,COC(=O)c1ccc(NC(=O)NC(CC(=O)O)C(=O)NC(Cc2ccccc2)C(=O)OC)cc1,6
train_1491,C[N+](C)(C)CCCCC[N+](C)(C)C.[Br-].[Br-],0
train_1492,NC(Cc1c[nH]c2ccccc12)C(=O)N1CCCC1C(=O)O,0
train_1493,O=C(O)CCS(=O)(=O)c1ccccc1,0
train_1494,NC(N)=Nc1nc(CSCCC(N)=NS(N)(=O)=O)cs1,0
train_1495,Cc1ccc(S(=O)(=O)CCC(=O)O)cc1,0
train_1496,CC1CCN(NS(=O)(=O)[O-])CC1.[Na+],3
train_1497,Nc1cccc(NS(=O)(=O)[O-])c1.[Na+],3
train_1498,NC(Cc1c[nH]c2ccccc12)C(=O)NC(Cc1c[nH]c2ccccc12)C(=O)NC(Cc1c[nH]c2ccccc12)C(=O)O,0
train_1499,O=C(O)CC(=O)OCC1OC(Oc2c(-c3ccc(O)cc3)oc3cc(O)cc(O)c3c2=O)C(O)C(O)C1O,0
train_1500,COc1ccc(C(=O)c2ccccc2C(=O)O)c(OC)c1,0
train_1501,NCC(=O)NC(Cc1ccccc1)C(=O)O,0
train_1502,CC(C)COC(=O)C(NC(=O)C(N)CC(=O)O)C(C)O,6
train_1503,CCCC(O)C(NC(=O)C(N)CC(=O)O)C(=O)OC,6
train_1504,CC1=C2C3OC(=O)C(C)C3C(O)CC2(C)C=CC1=O,0
train_1505,COC1(CO)OC(CO)C(O)C1O,3
train_1506,O=c1cc(-c2ccccc2O)oc2cc(O)cc(O)c12,0
train_1507,COc1ccc(C(=O)c2ccccc2C(=O)O)c(O)c1,7
train_1508,CC(C)c1cc2c(c(O)c1O)C13CCCC(C)(C)C1CC2OC3=O,0
train_1509,O=S(=O)([O-])Nc1cnc(Cl)cn1.[Na+],3
train_1510,CS(C)=O,0
train_1511,CCN1C(=O)c2cccc([N+](=O)[O-])c2S1(=O)=O,7
train_1512,Cc1nc(S)c2ncn(C3OC(COP(=O)([O-])[O-])C(O)C3O)c2n1.[Na+].[Na+],8
train_1513,CCCCCNS(=O)(=O)[O-].[Na+],3
train_1514,Cc1ccc2oc(=O)ccc2c1,0
train_1515,C=C(C)CCCC(C)CCOC=O,2
train_1516,CC1=CC=C(C(C)C)CC1,0
train_1517,CC1C(=O)C23CC1CC(=O)C2C12COC(=O)C1C(C)(C)CCC2OC3=O,7
train_1518,CC1=CC(=O)NS(=O)(=O)O1,6
train_1519,C=C(C)CCc1c(O)cc(OC)c(C(=O)C=Cc2ccc(O)cc2)c1O,0
train_1520,Cc1cccc(C(C)C)c1NS(=O)(=O)[O-].[Na+],3
train_1521,O=C(O)CNC(=Nc1cccc(Cl)c1)NS(=O)(=O)c1ccccc1,6
train_1522,N#Cc1ccc(N=C(NCC(=O)O)NC2CCCCCC2)cc1,6
train_1523,OC(CCCN1CCCCC1)(c1ccccc1)c1ccccc1,0
train_1524,COc1ccc(CCc2ccccc2C)cc1O,6
train_1525,OCC1(OC2OC(CCl)C(O)C(O)C2O)OC(CCl)C(O)C1O,7
train_1526,CNC(N)=S,0
train_1527,O=[N+]([O-])c1ccc2nc(NS(=O)(=O)[O-])sc2c1.[Na+],0
train_1528,CCCC(CC)(C(=O)O)S(=O)(=O)c1ccccc1,3
train_1529,COc1ccc(CCc2ccc3c(c2)OCO3)cc1O,6
train_1530,CCCC1CC(C(=O)NC(C(C)Cl)C2OC(SC)C(O)C(O)C2O)N(C)C1,0
train_1531,CCCCCCC(C)NC(=O)C(N)CC(=O)O,6
train_1532,CC(=O)OC1CC=C(C)C(OC(C)=O)CC2C(C=C1C)OC(=O)C2C,0
train_1533,COc1ccc(CNc2ccccc2)cc1O,6
train_1534,O=S(=O)([O-])Nc1nnc(CCc2ccccc2)s1.[Na+],3
train_1535,COc1ccc(C(=O)Nc2ccccc2)cc1O,7
train_1536,COc1ccc(C2OCc3ccccc3S2)c(NC(=O)c2ccc([N+](=O)[O-])cc2)c1O,7
train_1537,COc1ccc(CCc2ccc(Br)cc2)cc1O,7
train_1538,O=S(=O)([O-])NC1CCCCSCC1.[Na+],3
train_1539,CCC(CC)C(=O)OCC(C)NC(=O)C(N)CC(=O)O,6
train_1540,NC(CCC(=O)O)C(=O)[O-].NC(CCC(=O)O)C(=O)[O-].[Ca+2],8
train_1541,CC(C)=CCC1C(=O)C(C(=O)C(C)C)=C(O)C1(O)C(=O)C=CC(C)(C)O,0
train_1542,CCOC(=O)CCSc1nc2c(ncn2C2OC(COP(=O)([O-])[O-])C(O)C2O)c(=O)[nH]1.[Na+].[Na+],8
train_1543,O=S(=O)([O-])Nc1cccc(Cl)c1Cl.[Na+],3
train_1544,OCC1OCC(O)C(O)C1O,6
train_1545,C=C1CC23CCC4C(C)(C(=O)OC5OC(CO)C(O)C(O)C5O)CCCC4(C)C2CCC1(OC1OC(CO)C(O)C(O)C1OC1OC(CO)C(O)C(O)C1OC1OC(CO)C(OC2OC(CO)C(O)C(O)C2O)C(O)C1O)C3,6
train_1546,N#Cc1ccc(NC(=S)NC(CC(=O)O)c2ccccc2)cc1,6
train_1547,O=S(=O)([O-])[O-].[Mg+2],0
train_1548,CC(C)=CCC12CC3C(CC(C(C)(C)OO)C3(C)C)(C1=O)C(O)=C(C(=O)CC(C)C)C2=O,0
train_1549,CCc1ccc(S(=O)(=O)C(C(=O)O)C(C)C)cc1,6
train_1550,CCCC(COC(C)=O)NC(=O)C(N)CC(=O)O,6
train_1551,CC1(C)CC1(C(=O)O)S(=O)(=O)c1ccccc1,6
train_1552,CC(C)CC1NC(=O)CNC1=O,0
train_1553,COc1ccc(C2Cc3ccccc3C(=O)O2)cc1O,6
train_1554,CC1CCC(NS(=O)(=O)[O-])C1.[Na+],6
train_1555,CC(C)(C)c1csc(NS(=O)(=O)[O-])n1.[Na+],0
train_1556,CC(C)OCCCN(S(=O)(=O)[O-])S(=O)(=O)[O-].[Na+].[Na+],7
train_1557,CC(=O)OCC12C(O)CC(C)C3(CC(c4ccoc4)OC3=O)C1CC(O)CC21CO1,0
train_1558,O=C(O)c1ccccc1,5
train_1559,ON=Cc1ccco1,6
train_1560,CCCCCCCCNS(=O)(=O)[O-].[Na+],3
train_1561,CC(O)C(=O)Nc1nc2c(ncn2C2OC(COP(=O)(O)O)C(O)C2O)c(=O)[nH]1,8
train_1562,CC1OC(OC2C(O)CC(OC3C(O)CC(OC4CCC5(C)C(CCC6C5CCC5(C)C(C7=CC(=O)OC7)CCC65O)C4)OC3C)OC2C)CC(O)C1O,0
train_1563,O=C1C(=Cc2ccco2)C(CO)[n+]2cc([O-])c(Cc3ccco3)c(CO)c21,0
train_1564,NC(=O)c1c(Br)cc(Br)c(C=CC(=O)O)c1Br,6
train_1565,COc1cc2c(cc1OC)C13CCN4CC5=CCOC6CC(=O)N2C1C6C5CC43,0
train_1566,CCc1ccc(C(CC(=O)O)NC(=O)Nc2ccc(C#N)cc2)cc1,6
train_1567,COC(=O)C(CO)NC(=O)C(CC(=O)O)NC(=O)Nc1ccc(C#N)cc1,6
train_1568,CCOc1ccc2sc(NS(=O)(=O)[O-])nc2c1.[Na+],3
train_1569,CCCC(CCC)NC(=O)c1ccc2c(c1)OCO2,8
train_1570,CC(O)c1cccc(NS(=O)(=O)[O-])c1.[Na+],6
train_1571,COc1ccc(C2Sc3ccccc3N(CCN(C)C)C(=O)C2OC(C)=O)cc1.Cl,0
train_1572,COc1cc2c(cc1OC)C(=O)C(CC1CCN(Cc3ccccc3)CC1)C2.Cl,0
train_1573,Cn1cnc2c(ncn2C2OC(COP(=O)([O-])[O-])C(O)C2O)c1=O.[Na+].[Na+],8
train_1574,Cc1ccc(NS(=O)(=O)[O-])c(Cl)c1.[Na+],5
train_1575,CC(C)COC(=O)c1ccc(NS(=O)(=O)[O-])cc1.[Na+],6
train_1576,C=CC1C=C(C=NO)CCC1,0
train_1577,NC(=O)CCC(N)C(=O)O,6
train_1578,OCC1OC(OC2(CBr)OC(CBr)C(O)C2O)C(O)C(O)C1Br,6
train_1579,[Ba+2].[Cl-].[Cl-],2
train_1580,N#Cc1ccc(NC(=O)NC(CC(=O)O)c2ccc3c(c2)CCC3)cc1,6
train_1581,C=C(C)C1CC23C(=O)C(C(=O)C(C)C)=C(O)C(CC=C(C)C)(CC2C1(C)C)C3=O,0
train_1582,COc1cc(O)c2c(=O)cc(C)oc2c1,0
train_1583,COc1cc2c(c(O)c1C(=O)C=Cc1ccc(O)cc1)C=CC(C)(C)O2,0
train_1584,COc1cc(C2CC(=O)c3c(O)cccc3O2)ccc1O,7
train_1585,O=S(=O)([O-])Nc1ccccc1Cl.[Na+],3
train_1586,Cc1cccc(C)c1NC(=O)C[N+](C)(C)CCCCCCCl,0
train_1587,CC(=O)C1OC(OC2(CO)OC(CO)C(O)C2O)C(O)C(O)C1O,6
train_1588,C=C1C(=O)OC2C3C(COC(=O)C(=O)O)=CC(=O)C3=C(C)CC(OC(=O)Cc3ccc(O)cc3)C12,0
train_1589,CCOC(C)CNS(=O)(=O)[O-].[Na+],3
train_1590,c1cn[nH]c1,0
train_1591,COC(=O)C(Cc1ccccc1)NC(=O)C(CC(=O)O)NC(=O)C(C)N,6
train_1592,CC(=O)O,5
train_1593,COc1ccc(C=Cc2ccccc2)cc1O,7
train_1594,COc1ccc(CC(=O)c2ccccc2O)cc1O,6
train_1595,O=C(O)c1cc(-c2ccccc2)nc2ccccc12,0
train_1596,CC(COC(=O)C1CCCCC1)NC(=O)C(N)CC(=O)O,3
train_1597,[Br-].[Br-].[Mg+2],0
train_1598,COc1cc(C)ccc1O,0
train_1599,CC[N+](CC)(CC(=O)Nc1c(C)cccc1C)Cc1ccccc1.O=S1(=O)N=C([O-])c2ccccc21,0
train_1600,O=C1c2ccc(O)cc2OC(c2ccc(O)c(O)c2)C1O,0
train_1601,CC(C)Cc1nnc(NS(=O)(=O)[O-])s1.[Na+],3
train_1602,CCN(CC)CC(O)CNc1c2ccc(Cl)cc2nc2ccc(OC)cc12.Cl.Cl,0
train_1603,NCCCC(N)C(=O)NCCC(=O)O,2
train_1604,O=C1CC(c2ccc(O)cc2)Oc2cc(O)cc(O)c21,1
train_1605,C=C1C(=O)OC2C1CCC(C)=CCCC1(C)OC21,0
train_1606,CC1=CCCCC1,6
train_1607,Cc1ccc2c(c1)S(=O)(=O)NC2=O,6
train_1608,CC1(O)CC(N2CCCC2)=C(O)C1=O,0
train_1609,O=C1NS(=O)(=O)c2cc(Br)ccc21,2
train_1610,O=C1CC(c2ccc(O)cc2)Oc2cc(O)ccc21,0
train_1611,COC1OC(CO)CC(O)C1O,6
train_1612,CC(NC(=Nc1cccc(Br)c1)NCC(=O)O)c1ccccc1,6
train_1613,CC1(C)C2CCC1(CS(=O)(=O)[O-])C(=O)C2.O=C1N(Cc2ccccc2)C2C[S+]3CCCC3C2N1Cc1ccccc1,0
train_1614,O=c1c(O)c(-c2cc(O)c(O)c(O)c2)oc2cc(O)cc(O)c12,0
train_1615,O=S(=O)([O-])Nc1nc(-c2ccc(Cl)cc2)cs1.[Na+],3
train_1616,CC(N)C(=O)NC(C(=O)O)C(C)C,0
train_1617,CCC(=O)OCC(NC(=O)C(N)CC(=O)O)C(C)O,6
train_1618,CCOC(=O)C(Cc1ccc(OC)c(O)c1)c1ccccc1,0
train_1619,CCC1(c2ccccc2)C(=O)NC(=O)NC1=O,0
train_1620,O=C(O)CNC(=Nc1ccccc1)NC1CCCCC1,6
train_1621,OCC1OC(CO)(OC2OC(CCl)C(O)C(O)C2O)C(O)C1O,0
train_1622,NCCS(=O)(=O)O,0
train_1623,C=CC(O)C(O)C=C,0
train_1624,CC(NC(=O)C(CC(=O)O)NC(=S)Nc1ccc(C#N)cc1)C(=O)NC(C1CC1)C1CC1,6
train_1625,C=C1C(=O)C23CC1CCC2C12COC3(O)C(O)C1C(C)(C)C=CC2=O,0
train_1626,N#CC(OC1OC(COC2OC(CO)C(O)C(O)C2O)C(O)C(O)C1O)c1ccccc1,0
train_1627,O=[N+]([O-])c1ccc([O-])c(NS(=O)(=O)[O-])c1.[Na+],1
train_1628,C=C1C(=O)OC2C1CCC(C)=C1C(=O)C=C(COS(=O)(=O)[O-])C12,0
train_1629,O=c1cc(-c2ccc(O)cc2)oc2cc(O)c(O)c(O)c12,0
train_1630,CCC1=COS(=O)(=O)NC1=O,6
train_1631,CSc1ccc(C2CSc3ccccc3O2)cc1O,7
train_1632,C=C(C)C1CC2(O)C(CC3C(=O)C(C(=O)C(C)C)=C(O)C32O)C1(C)C,0
train_1633,CCCCN(CCCC)CCN1C(=O)c2ccccc2S1(=O)=O,0
train_1634,COc1ccc(C2Oc3ccccc3O2)cc1O,6
train_1635,Cl.Nc1c2c(nc3ccccc13)CCCC2,0
train_1636,CC1CCC(C(C)C)C(OC(=O)OCCO)C1,1
train_1637,NC(N)=NCCCC(NC(=O)C1CCCN1)C(=O)O,0
train_1638,COc1ccc(C)cc1NS(=O)(=O)[O-].[Na+],5
train_1639,Oc1cc2c(cc1O)C1c3ccc(O)c(O)c3OCC1(O)O2,6
train_1640,CCC1=C(C)C(=O)NS(=O)(=O)O1,6
train_1641,[Be+2].[Cl-].[Cl-],6
train_1642,CC1(C(=O)O)CCCC2c3ccccc3C(C(=O)O)C21,6
train_1643,O=c1c(-c2ccc(O)c(O)c2)coc2cc(O)ccc12,0
train_1644,O=S(=O)([O-])[O-].[Fe+2].c1cnc2c(c1)ccc1cccnc12.c1cnc2c(c1)ccc1cccnc12.c1cnc2c(c1)ccc1cccnc12,0
train_1645,O=S(=O)([O-])NCCC1CCCCC1.[Na+],3
train_1646,CCCNS(=O)(=O)[O-].[Na+],6
train_1647,COc1cc2ccc(=O)oc2c(OC2OC(CO)C(O)C(O)C2O)c1O,0
train_1648,C=C(C)C=NO,0
train_1649,CCC(C)CCCCN(S(=O)(=O)[O-])S(=O)(=O)[O-].[Na+].[Na+],4
train_1650,OCC1OC(OC2C(O)OC(CO)C(OC3OC(CO)C(O)C(O)C3O)C2O)C(O)C(O)C1O,6
train_1651,CC(=CCO)CCC1=C(CO)CC(OC2OCC(O)C(O)C2O)C2C(C)(CO)CCCC12C,2
train_1652,COC(=O)c1ccccc1CCc1ccc(OC)c(O)c1,0
train_1653,COc1cc(O)c(CC=C(C)C)c(O)c1C(=O)C=Cc1ccc(O)cc1,0
train_1654,COc1ccc(C=CC(=O)c2c(OC)cc3c(c2O)CCC(C)(C)O3)cc1,0
train_1655,CC1COc2c(N3CCN(C)CC3)c(F)cc3c(=O)c(C(=O)O)cn1c23,0
train_1656,COc1ccc(NS(=O)(=O)[O-])cc1.[Na+],1
train_1657,CCCCCC(C)O,0
train_1658,O=C1CC2OCC=C3CN4CCC56c7ccccc7N1C5C2C3CC46,0
train_1659,O=S(=O)([O-])NN1CCCC1.[Na+],3
train_1660,CCCC1=C(C)OS(=O)(=O)[N-]C1=O.[Na+],6
train_1661,C=Cc1cncc2c1CCOC2=O,0
train_1662,C=C1CC23CCC4C(C)(C(=O)OC5OC(CO)C(O)C(O)C5OC5OC(CO)C(O)C(O)C5O)CCCC4(C)C2CCC1(OC1OC(CO)C(O)C(OC2OC(CO)C(O)C(O)C2O)C1OC1OC(CO)C(O)C(O)C1O)C3,6
train_1663,COc1ccc(NC(C)=O)cc1,0
train_1664,CCC1(CCC(C)C)C(=O)N=C([O-])NC1=O.[Na+],0
train_1665,CC(CC(=O)O)S(=O)(=O)c1ccc(Cl)cc1,0
train_1666,CC(C)=CCCC(C)=CCCC(=CCCC(C)=CCO)CO,0
train_1667,O=C(O)C1(S(=O)(=O)c2ccccc2)CCCC1,3
train_1668,CCCCCCCCCCCC(=O)OCCOCC(OCCO)C1OCC(OCCO)C1OCCO,0
train_1669,O=C(OCC1OC(OC(=O)c2cc(O)c(O)c(O)c2)C(OC(=O)c2cc(O)c(O)c(O)c2)C(OC(=O)c2cc(O)c(O)c(O)c2)C1OC(=O)c1cc(O)c(O)c(O)c1)c1cc(O)c(O)c(O)c1,0
train_1670,O=C(OC1Cc2c(O)cc(O)cc2OC1c1cc(O)c(O)c(O)c1)c1cc(O)c(O)c(O)c1,0
train_1671,C=C1C(=O)OC2C1CCC1(C)C(O)CC=C(C)C21,0
train_1672,C=C1CC23CCC4C(C)(C(=O)OC5OC(CO)C(O)C(O)C5O)CCCC4(C)C2CCC1(OC1OCC(O)C(OC2OC(CO)C(O)C(O)C2O)C1OC1OC(CO)C(O)C(O)C1O)C3,6
train_1673,CC(CSC(=O)C(C)NC(=O)C1CCCCC1)C(=O)N1CCCC1C(=O)[O-].CC(CSC(=O)C(C)NC(=O)C1CCCCC1)C(=O)N1CCCC1C(=O)[O-].[Ca+2],0
train_1674,COc1cc2c(cc1O)C(Cc1ccc(OC)c(OC)c1)N(C)CC2,0
train_1675,CC(NC(=Nc1ccc(C#N)cc1)NCC(=O)O)c1ccccc1,6
train_1676,C=CC1C(OC2OC(COC(C)=O)C(OC(=O)c3cccc(OC4OC(CO)C(O)C(O)C4O)c3O)C(OC(C)=O)C2OC(=O)c2ccccc2)OC=C2C(=O)OCCC21,0
train_1677,CC1=CC(=O)CC(C(C)C)C1,0
train_1678,OCC1OC(OC2C(O)OC(CO)C(O)C2O)C(O)C(O)C1O,6
train_1679,CC(CCC1(O)OC2CC3C4CC=C5CC(OC6OC(CO)C(OC7OC(C)C(O)C(O)C7O)C(O)C6O)CCC5(C)C4CCC3(C)C2C1C)COC1OC(CO)C(O)C(O)C1O,0
train_1680,O=S(=O)([O-])Nc1ccc(CCO)cc1.[Na+],7
train_1681,C=C1CC23CCC4C(C)(C(=O)OC5OC(CO)C(O)C(O)C5O)CCCC4(C)C2CCC1(OC1OC(CO)C(O)C(OC2OC(CO)C(O)C(O)C2O)C1OC1OC(CO)C(O)C(O)C1O)C3,6
train_1682,Oc1ccc(C2Oc3c(c(O)cc(O)c3C3c4c(O)cc5c(c4OC(c4ccc(O)cc4)C3O)C3c4c(O)cc(O)cc4OC(c4ccc(O)cc4)(O5)C3O)CC2O)cc1,6
train_1683,CC(CCC(OC1OC(CO)C(O)C(O)C1OC1OC(CO)C(O)C(O)C1O)C(C)(C)O)C1CCC2(C)C3CC=C4C(CCC(OC5OC(COC6OC(CO)C(O)C(O)C6O)C(O)C(O)C5O)C4(C)C)C3(C)C(O)CC12C,6
train_1684,CN1CCCC1c1cccnc1,0
train_1685,Oc1cc2c(cc1O)C1c3ccc(O)c(O)c3OCC1(O)C2,6
train_1686,O=S(=O)([O-])NC1CSCSC1.[Na+],6
train_1687,COc1ccc(CNCC(C)C)cc1O,7
train_1688,C#N,2
train_1689,COC(C)C1=CCC(C)=CC1,6
train_1690,CC(C)CC(=O)C1=C(O)C2(O)C(CC3C(C)(C)C(C(C)(C)O)CC32O)C1=O,0
train_1691,CC(C)C(=O)c1c(O)cc(O)cc1OC1OC(CO)C(O)C(O)C1O,0
train_1692,CC(NC(=Nc1cc(Cl)cc(Cl)c1)NCC(=O)O)C1CCCCC1,6
train_1693,CCC(COC(=O)C1CCCCC1)NC(=O)C(N)CC(=O)O,3
train_1694,CSc1cccc(NS(=O)(=O)[O-])c1.[Na+],7
train_1695,CC(=O)C1CCC2C3CCC4=CC(=O)CCC4(C)C3CCC12C,0
train_1696,O=[N+]([O-])c1cccc([N+](=O)[O-])c1,0
train_1697,COc1ccc(CCc2ccc(OC)c(OC)c2)cc1O,7
train_1698,CC(CC(=O)CC(C)C1CC(O)C2(C)C3=C(C(=O)CC12C)C1(C)CCC(=O)C(C)(C)C1CC3O)C(=O)O,0
train_1699,O=C1C(=Cc2ccc(O)c(O)c2)Oc2cc(O)ccc21,0
train_1700,O=S(=O)([O-])Nc1nc2ccc(F)cc2s1.[Na+],3
train_1701,C=CCCCCCCCCCCCC(=O)CC(O)COC(C)=O,0
train_1702,CCC(Cc1ccccc1)NC(=O)C(N)CC(=O)O,6
train_1703,CN1C(=O)CN=C(c2ccccc2)c2cc(Cl)ccc21,0
train_1704,CCCC(NC(=O)C(N)CC(=O)O)C(=O)OC,6
train_1705,NC(C(=O)[O-])c1cc(=O)[nH]o1.[Na+],8
train_1706,CN1CCN(CC(=O)N2c3ccccc3C(=O)Nc3cccnc32)CC1,0
train_1707,CCCCCC(=O)CC(=O)NC1CCOC1=O,0
train_1708,CN(CCN(S(=O)(=O)[O-])S(=O)(=O)[O-])S(=O)(=O)[O-].[Na+].[Na+].[Na+],5
train_1709,COC1=CC=C2Nc3cc(Cl)ccc3C(N=C3C=C(CN4CCCC4)C(=O)C(CN4CCCC4)=C3)=C2N1.O=P(O)(O)O.O=P(O)(O)O.O=P(O)(O)O.O=P(O)(O)O,0
train_1710,Cc1noc(NS(=O)(=O)c2ccc(N)cc2)c1C,0
train_1711,O=S(=O)([O-])Nc1ccc(N2CCOCC2)c(Cl)c1.[Na+],5
train_1712,CCC(=O)N(c1ccccc1)C1CCN(CCc2ccccc2)CC1.O=C(O)CC(O)(CC(=O)O)C(=O)O,0
train_1713,COCCCNS(=O)(=O)[O-].[Na+],3
train_1714,C=C(C)C1C2OC(=O)C1C1(O)CC3OC34C(=O)OC2C14C,0
train_1715,OCC1OC(OC2(CBr)OC(CBr)C(Br)C2O)C(O)C(O)C1Cl,6
train_1716,CC(C)=CCC1=C(O)C(O)(CC=C(C)C)C(=O)C(C(=O)C(C)C)=C1O,0
train_1717,O=[N+]([O-])c1ccc(Cl)cc1NS(=O)(=O)[O-].[Na+],0
train_1718,CC=C1C(OC2OC(CO)C(O)C(O)C2O)OC=C(C(=O)OC)C1CC(=O)OCCc1ccc(O)c(O)c1,0
train_1719,O=C1NC(Cc2ccc(O)cc2)C(=O)N2CCCC12,0
train_1720,COc1ccc(S(=O)(=O)C2(C(=O)O)CCCCC2)cc1,3
train_1721,CCC(=O)OC(Cc1ccccc1)(c1ccccc1)C(C)CN(C)C.O=S(=O)(O)c1ccc2ccccc2c1,0
train_1722,CC[N+](CC)(CC(=O)Nc1c(C)cccc1C)Cc1ccc(Cl)cc1,0
train_1723,O=S(=O)([O-])NC1=NCCS1.[Na+],3
train_1724,CC1C(=O)C23CC1CCC2C12COC(=O)C1C(C)(C)C(O)CC2OC3=O,7
train_1725,OCC1OC(OCC2OC(OC3(CO)OC(CO)C(O)C3O)C(O)C(O)C2O)C(O)C(O)C1O,6
train_1726,CC1CC=CCC1(C(=O)O)S(=O)(=O)c1ccccc1,6
train_1727,CC(C)(OCC(=O)O)C1CC=C(C=NO)CC1,6
train_1728,CCN(CC)CCCN1S(=O)(=O)c2ccccc2S1(=O)=O,0
train_1729,CCC1(CC)C(=O)NCC(C)C1=O,0
train_1730,CC1CCC2C(C)C3C(CC4C5CC=C6CC(O)CCC6(C)C5CCC43C)N2C1,0
train_1731,NC(CCC(=O)NC(CS)C(=O)NCCC(=O)O)C(=O)O,8
train_1732,CCN(CC)CCCN1C(=O)c2ccccc2S1(=O)=O,0
train_1733,O=S(=O)([O-])NCCO.[Na+],3
train_1734,COC(C[Hg+])CNC(=O)c1ccccc1OCC(=O)[O-].[Na+].[OH-],0
train_1735,COc1ccc(C2Cc3ccccc3C(=O)O2)cc1,7
train_1736,CC(NC(=O)C(CC(=O)O)NC(=O)Nc1ccc(C#N)cc1)c1ccccc1,6
train_1737,COc1cc2c(c(O)c1C(=O)C=Cc1ccc(O)cc1)CC(O)C(C)(C)O2,0
train_1738,O=S(=O)([O-])NCCN1CCCCC1.[Na+],3
train_1739,COc1ccc(C2CSc3ccccc3C2)cc1O,7
train_1740,CCCCCC(NC(=O)C(N)CC(=O)O)C(=O)OC,6
train_1741,CC(NC(=O)C(N)CC(=O)O)C(=O)NC1C(C)(C)C(O)C1(C)C,6
train_1742,CC(C)c1cccc(NS(=O)(=O)[O-])c1.[Na+],6
train_1743,CC1CCCC2(C)CCC3C(C)C(=O)OC3C12,0
train_1744,COc1ccc(C2Oc3ccccc3CS2)cc1O,6
train_1745,COc1cccc2c1S(=O)(=O)NC2=O,0
train_1746,C=C1CC23CCC4C(C)(C(=O)OC5OC(COC6OCC(O)C(O)C6O)C(O)C(O)C5O)CCCC4(C)C2CCC1(OC1OC(CO)C(O)C(OC2OC(CO)C(O)C(O)C2O)C1OC1OC(CO)C(O)C(O)C1O)C3,6
train_1747,COc1ccc(C(O)Oc2ccccc2)cc1O,6
train_1748,CC(C)(CO)C(O)C(=O)NCCC(=O)O,0
train_1749,C=CCC1(CC(C)C)C(=O)NC(=O)NC1=O,0
train_1750,COC(=O)C(Cc1ccccc1)NC(=O)C(N)CC(=O)O,6
train_1751,O=S(=O)([O-])Nc1cccc(OC(F)(F)F)c1.[Na+],6
train_1752,CC(C)CC(NC(=O)C(N)CC(=O)O)C(=O)OC(C)C,3
train_1753,COC(CNC(N)=O)C[Hg]Cl,0
train_1754,CC1OC(OC2CCC3(C=O)C4CCC5(C)C(C6=CC(=O)OC6)CCC5(O)C4CCC3(O)C2)C(O)C(O)C1O,0
train_1755,COc1ccc(C(O)c2ccccc2CO)cc1,7
train_1756,COc1ccc(CCc2ccccc2)cc1OCC(=O)O,7
train_1757,CCCCNS(=O)(=O)[O-].[Na+],6
train_1758,O=C(O)c1ccccc1O,2
train_1759,CC(NC(=O)C(N)CC(=O)O)C(=O)NC1C(C)(C)SC1(C)C,6
train_1760,CCN(CC)CCOC(=O)c1ccc(N)cc1,0
train_1761,O=C(C=Cc1cccc(O)c1)c1ccccc1O,0
train_1762,CCC=CCCC=CC(=O)NC1CC1,8
train_1763,CC1OC(OC2C(Oc3cc(O)c(C(=O)CCc4ccccc4O)c(O)c3)OC(CO)C(O)C2O)C(O)C(O)C1O,7
train_1764,CC(C)Oc1nc2c(ncn2C2OC(COP(=O)([O-])[O-])C(O)C2O)c(=O)[nH]1.[Na+].[Na+],8
train_1765,N#Cc1ccc(NC(=NCc2cccc3c2OCO3)NCC(=O)O)cc1,6
train_1766,O=S(=O)([O-])Nc1cc(Cl)ccc1Cl.[Na+],3
train_1767,CC(C)CC1NC(=O)C(C)NC1=O,0
train_1768,Cn1cnc([N+](=O)[O-])c1Sc1ncnc2nc[nH]c12,0
train_1769,O=c1[nH]c(=S)[nH]c2c1ncn2C1OC(COP(=O)(O)O)C(O)C1O,8
train_1770,C=CCC(=NOS(=O)(=O)[O-])SC1OC(CO)C(O)C(O)C1O.[K+],0
train_1771,CSc1nnc(NS(=O)(=O)[O-])s1.[Na+],3
train_1772,OCC1OC(OC2(CCl)OC(CO)C(Cl)C2O)C(O)C(O)C1Cl,6
train_1773,OCC(O)C(O)C(OC1OC(CO)C(O)C(O)C1O)C(O)CO,6
train_1774,CCOC(=O)C(CCc1ccccc1)NC(C)C(=O)N1CCCC1C(=O)O,0
train_1775,COC(=O)c1ccc(NS(=O)(=O)[O-])cc1.[Na+],0
train_1776,OCC1OC(OC2(CO)OC(CCl)C(Cl)C2O)C(O)C(O)C1O,3
train_1777,NC(CC(=O)O)C(=O)NC(CO)Cc1ccccc1,6
train_1778,Cc1ccc(F)c(NS(=O)(=O)[O-])c1.[Na+],3
train_1779,C=C1C(=O)OC2C3C(CO)=CC(=O)C3=C(C)CC(O)C12,0
train_1780,CC1CCCC(C)N1,0
train_1781,O=S(=O)([O-])Nc1nc(-c2ccccc2)cs1.[Na+],3
train_1782,COc1ccccc1C(CC(=O)O)NC(=O)Nc1ccc(C#N)cc1,7
train_1783,CCC(C)(CC)NC(=O)C(C)NC(=O)C(N)CC(=O)O,6
train_1784,Cc1ccc(NC(N)=O)cc1,6
train_1785,O=S(=O)([O-])Nc1cccc(Cl)c1.[Na+],6
train_1786,COC1OC(C)C(O)CC1O,0
train_1787,CC(C)C(N)C(=O)O,6
train_1788,CC(C)=CCC1=C(O)C(O)(CC=C(C)C)C(=O)C(C(=O)CC(C)C)=C1O,0
train_1789,N#Cc1ccc(NC(=NC2CCCCCCC2)NCC(=O)O)cc1,6
train_1790,CC(C)COS(=O)(=O)NC1CCCCC1,2
train_1791,C=CCC1(C(C)(C)CC)C(=O)NC(=O)NC1=O,0
train_1792,O=S(=O)([O-])NC1CCSCC1.[Na+],6
train_1793,COc1cccc(C)c1NS(=O)(=O)[O-].[Na+],2
train_1794,C=CC(C#CC#CC(O)C=CCCCCCCC)OC(C)=O,0
train_1795,OCC1OC(CCl)(OC2OC(CCl)C(O)C(O)C2O)C(O)C1O,3
train_1796,COCCN(S(=O)(=O)[O-])S(=O)(=O)[O-].[Na+].[Na+],5
train_1797,OCC1OC(OC2C(CO)OC(O)(CO)C2O)C(O)C(O)C1O,6
train_1798,O=[N+]([O-])c1ccc(Cl)c(NS(=O)(=O)[O-])c1.[Na+],1
train_1799,Cl.c1ccc(CN(CC2=NCCN2)c2ccccc2)cc1,0
train_1800,CC(CCC(OC1OC(COC2OC(CO)C(O)C(O)C2O)C(O)C(O)C1OC1OC(CO)C(O)C(O)C1O)C(C)(C)O)C1CCC2(C)C3CC=C4C(CCC(OC5OC(COC6OC(CO)C(O)C(O)C6O)C(O)C(O)C5O)C4(C)C)C3(C)C(O)CC12C,6
train_1801,NC(CC(=O)O)C(=O)O,7
train_1802,COCC1CC=C(C=NO)C1,6
train_1803,CN1C(=O)c2ccc(S(N)(=O)=O)cc2S1(=O)=O,0
train_1804,CC1CCC2C(C)C3C(CC4C5CC=C6CC(OC7OC(CO)C(OC8OC(C)C(O)C(O)C8O)C(O)C7OC7OC(C)C(O)C(O)C7O)CCC6(C)C5CCC43C)N2C1,0
train_1805,CC(C)(C)CC(C)(C)c1ccc(OCCOCC[N+](C)(C)Cc2ccccc2)cc1.[Cl-],0
train_1806,OC1C(O)C(O)C(O)C(O)C1O,6
train_1807,O=[N+]([O-])c1ccc(NS(=O)(=O)[O-])cc1.[Na+],3
train_1808,O=[N+]([O-])c1cccc2ccccc12,0
